sys.exec.out.time {s},test.att_manager.perturbation.maxDeltaLatVelDPInput[0] {m/s},test.att_manager.perturbation.maxDeltaLatVelDPInput[1] {m/s},test.att_manager.perturbation.maxDeltaLatVelDPInput[2] {m/s},test.att_manager.perturbation.deltaLatVelDP[0] {m/s},test.att_manager.perturbation.deltaLatVelDP[1] {m/s},test.att_manager.perturbation.deltaLatVelDP[2] {m/s}
                   0,                 100,               0.003,               0.003,                   0,               0.003,               0.003
                 0.1,                 100,               0.003,               0.003,                   0,               0.003,               0.003
                 0.2,                 100,               0.003,               0.003,                   0,               0.003,               0.003
                 0.3,                 100,               0.003,               0.003,                   0,               0.003,               0.003
                 0.4,                 100,               0.003,               0.003,                   0,               0.003,               0.003
                 0.5,                 100,               0.003,               0.003,                   0,               0.003,               0.003
                 0.6,                 100,               0.003,               0.003,                   0,               0.003,               0.003
                 0.7,                 100,               0.003,               0.003,                   0,               0.003,               0.003
                 0.8,                 100,               0.003,               0.003,                   0,               0.003,               0.003
                 0.9,                 100,               0.003,               0.003,                   0,               0.003,               0.003
                   1,                 100,               0.003,               0.003,                   0,               0.003,               0.003
                 1.1,                 100,               0.003,               0.003,                   0,               0.003,               0.003
                 1.2,                 100,               0.003,               0.003,                   0,               0.003,               0.003
                 1.3,                 100,               0.003,               0.003,                   0,               0.003,               0.003
                 1.4,                 100,               0.003,               0.003,                   0,               0.003,               0.003
                 1.5,                 100,               0.003,               0.003,                   0,               0.003,               0.003
                 1.6,                 100,               0.003,               0.003,                   0,               0.003,               0.003
                 1.7,                 100,               0.003,               0.003,                   0,               0.003,               0.003
                 1.8,                 100,               0.003,               0.003,                   0,               0.003,               0.003
                 1.9,                 100,               0.003,               0.003,                   0,               0.003,               0.003
                   2,                 100,               0.003,               0.003,                   0,               0.003,               0.003
                 2.1,                 100,               0.003,               0.003,                   0,               0.003,               0.003
                 2.2,                 100,               0.003,               0.003,                   0,               0.003,               0.003
                 2.3,                 100,               0.003,               0.003,                   0,               0.003,               0.003
                 2.4,                 100,               0.003,               0.003,                   0,               0.003,               0.003
                 2.5,                 100,               0.003,               0.003,                   0,               0.003,               0.003
                 2.6,                 100,               0.003,               0.003,                   0,               0.003,               0.003
                 2.7,                 100,               0.003,               0.003,                   0,               0.003,               0.003
                 2.8,                 100,               0.003,               0.003,                   0,               0.003,               0.003
                 2.9,                 100,               0.003,               0.003,                   0,               0.003,               0.003
                   3,                 100,               0.003,               0.003,                   0,               0.003,               0.003
                 3.1,                 100,               0.003,               0.003,                   0,               0.003,               0.003
                 3.2,                 100,               0.003,               0.003,                   0,               0.003,               0.003
                 3.3,                 100,               0.003,               0.003,                   0,               0.003,               0.003
                 3.4,                 100,               0.003,               0.003,                   0,               0.003,               0.003
                 3.5,                 100,               0.003,               0.003,                   0,               0.003,               0.003
                 3.6,                 100,               0.003,               0.003,                   0,               0.003,               0.003
                 3.7,                 100,               0.003,               0.003,                   0,               0.003,               0.003
                 3.8,                 100,               0.003,               0.003,                   0,               0.003,               0.003
                 3.9,                 100,               0.003,               0.003,                   0,               0.003,               0.003
                   4,                 100,               0.003,               0.003,                   0,               0.003,               0.003
                 4.1,                 100,               0.003,               0.003,                   0,               0.003,               0.003
                 4.2,                 100,               0.003,               0.003,                   0,               0.003,               0.003
                 4.3,                 100,               0.003,               0.003,                   0,               0.003,               0.003
                 4.4,                 100,               0.003,               0.003,                   0,               0.003,               0.003
                 4.5,                 100,               0.003,               0.003,                   0,               0.003,               0.003
                 4.6,                 100,               0.003,               0.003,                   0,               0.003,               0.003
                 4.7,                 100,               0.003,               0.003,                   0,               0.003,               0.003
                 4.8,                 100,               0.003,               0.003,                   0,               0.003,               0.003
                 4.9,                 100,               0.003,               0.003,                   0,               0.003,               0.003
                   5,                 100,               0.003,               0.003,                   0,               0.003,               0.003
                 5.1,                 100,               0.003,               0.003,                   0,               0.003,               0.003
                 5.2,                 100,               0.003,               0.003,                   0,               0.003,               0.003
                 5.3,                 100,               0.003,               0.003,                   0,               0.003,               0.003
                 5.4,                 100,               0.003,               0.003,                   0,               0.003,               0.003
                 5.5,                 100,               0.003,               0.003,                   0,               0.003,               0.003
                 5.6,                 100,               0.003,               0.003,                   0,               0.003,               0.003
                 5.7,                 100,               0.003,               0.003,                   0,               0.003,               0.003
                 5.8,                 100,               0.003,               0.003,                   0,               0.003,               0.003
                 5.9,                 100,               0.003,               0.003,                   0,               0.003,               0.003
                   6,                 100,               0.003,               0.003,                   0,               0.003,               0.003
                 6.1,                 100,               0.003,               0.003,                   0,               0.003,               0.003
                 6.2,                 100,               0.003,               0.003,                   0,               0.003,               0.003
                 6.3,                 100,               0.003,               0.003,                   0,               0.003,               0.003
                 6.4,                 100,               0.003,               0.003,                   0,               0.003,               0.003
                 6.5,                 100,               0.003,               0.003,                   0,               0.003,               0.003
                 6.6,                 100,               0.003,               0.003,                   0,               0.003,               0.003
                 6.7,                 100,               0.003,               0.003,                   0,               0.003,               0.003
                 6.8,                 100,               0.003,               0.003,                   0,               0.003,               0.003
                 6.9,                 100,               0.003,               0.003,                   0,               0.003,               0.003
                   7,                 100,               0.003,               0.003,                   0,               0.003,               0.003
                 7.1,                 100,               0.003,               0.003,                   0,               0.003,               0.003
                 7.2,                 100,               0.003,               0.003,                   0,               0.003,               0.003
                 7.3,                 100,               0.003,               0.003,                   0,               0.003,               0.003
                 7.4,                 100,               0.003,               0.003,                   0,               0.003,               0.003
                 7.5,                 100,               0.003,               0.003,                   0,               0.003,               0.003
                 7.6,                 100,               0.003,               0.003,                   0,               0.003,               0.003
                 7.7,                 100,               0.003,               0.003,                   0,               0.003,               0.003
                 7.8,                 100,               0.003,               0.003,                   0,               0.003,               0.003
                 7.9,                 100,               0.003,               0.003,                   0,               0.003,               0.003
                   8,                 100,               0.003,               0.003,                   0,               0.003,               0.003
                 8.1,                 100,               0.003,               0.003,                   0,               0.003,               0.003
   8.199999999999999,                 100,               0.003,               0.003,                   0,               0.003,               0.003
   8.300000000000001,                 100,               0.003,               0.003,                   0,               0.003,               0.003
                 8.4,                 100,               0.003,               0.003,                   0,               0.003,               0.003
                 8.5,                 100,               0.003,               0.003,                   0,               0.003,               0.003
                 8.6,                 100,               0.003,               0.003,                   0,               0.003,               0.003
   8.699999999999999,                 100,               0.003,               0.003,                   0,               0.003,               0.003
   8.800000000000001,                 100,               0.003,               0.003,                   0,               0.003,               0.003
                 8.9,                 100,               0.003,               0.003,                   0,               0.003,               0.003
                   9,                 100,               0.003,               0.003,                   0,               0.003,               0.003
                 9.1,                 100,               0.003,               0.003,                   0,               0.003,               0.003
   9.199999999999999,                 100,               0.003,               0.003,                   0,               0.003,               0.003
   9.300000000000001,                 100,               0.003,               0.003,                   0,               0.003,               0.003
                 9.4,                 100,               0.003,               0.003,                   0,               0.003,               0.003
                 9.5,                 100,               0.003,               0.003,                   0,               0.003,               0.003
                 9.6,                 100,               0.003,               0.003,                   0,               0.003,               0.003
   9.699999999999999,                 100,               0.003,               0.003,                   0,               0.003,               0.003
   9.800000000000001,                 100,               0.003,               0.003,                   0,               0.003,               0.003
                 9.9,                 100,               0.003,               0.003,                   0,               0.003,               0.003
                  10,                 100,               0.003,               0.003,                   0,               0.003,               0.003
