sys.exec.out.time {s},test_object.var_char_numeric {--},test_object.var_uchar {1},test_object.var_sint {1},test_object.var_usint {1},test_object.var_int {1},test_object.var_uint {1},test_object.var_lint {1},test_object.var_ulint {1},test_object.var_llint {1},test_object.var_ullint {1},test_object.var_float {1},test_object.var_double {1}
                   0,97,1,2,3,4,5,6,7,8,9,                 0.1,                 0.2
                 0.1,97,1,2,3,4,5,6,7,8,9,                 0.1,                 0.2
                 0.2,97,1,2,3,4,5,6,7,8,9,                 0.1,                 0.2
                 0.3,97,1,2,3,4,5,6,7,8,9,                 0.1,                 0.2
                 0.4,97,1,2,3,4,5,6,7,8,9,                 0.1,                 0.2
                 0.5,97,1,2,3,4,5,6,7,8,9,                 0.1,                 0.2
                 0.6,97,1,2,3,4,5,6,7,8,9,                 0.1,                 0.2
                 0.7,97,1,2,3,4,5,6,7,8,9,                 0.1,                 0.2
                 0.8,97,1,2,3,4,5,6,7,8,9,                 0.1,                 0.2
                 0.9,97,1,2,3,4,5,6,7,8,9,                 0.1,                 0.2
                   1,97,1,2,3,4,5,6,7,8,9,                 0.1,                 0.2
                 1.1,97,1,2,3,4,5,6,7,8,9,                 0.1,                 0.2
                 1.2,97,1,2,3,4,5,6,7,8,9,                 0.1,                 0.2
                 1.3,97,1,2,3,4,5,6,7,8,9,                 0.1,                 0.2
                 1.4,97,1,2,3,4,5,6,7,8,9,                 0.1,                 0.2
                 1.5,97,1,2,3,4,5,6,7,8,9,                 0.1,                 0.2
                 1.6,97,1,2,3,4,5,6,7,8,9,                 0.1,                 0.2
                 1.7,97,1,2,3,4,5,6,7,8,9,                 0.1,                 0.2
                 1.8,97,1,2,3,4,5,6,7,8,9,                 0.1,                 0.2
                 1.9,97,1,2,3,4,5,6,7,8,9,                 0.1,                 0.2
                   2,97,1,2,3,4,5,6,7,8,9,                 0.1,                 0.2
                 2.1,97,1,2,3,4,5,6,7,8,9,                 0.1,                 0.2
                 2.2,97,1,2,3,4,5,6,7,8,9,                 0.1,                 0.2
                 2.3,97,1,2,3,4,5,6,7,8,9,                 0.1,                 0.2
                 2.4,97,1,2,3,4,5,6,7,8,9,                 0.1,                 0.2
                 2.5,97,1,2,3,4,5,6,7,8,9,                 0.1,                 0.2
                 2.6,97,1,2,3,4,5,6,7,8,9,                 0.1,                 0.2
                 2.7,97,1,2,3,4,5,6,7,8,9,                 0.1,                 0.2
                 2.8,97,1,2,3,4,5,6,7,8,9,                 0.1,                 0.2
                 2.9,97,1,2,3,4,5,6,7,8,9,                 0.1,                 0.2
                   3,97,1,2,3,4,5,6,7,8,9,                 0.1,                 0.2
                 3.1,97,1,2,3,4,5,6,7,8,9,                 0.1,                 0.2
                 3.2,97,1,2,3,4,5,6,7,8,9,                 0.1,                 0.2
                 3.3,97,1,2,3,4,5,6,7,8,9,                 0.1,                 0.2
                 3.4,97,1,2,3,4,5,6,7,8,9,                 0.1,                 0.2
                 3.5,97,1,2,3,4,5,6,7,8,9,                 0.1,                 0.2
                 3.6,97,1,2,3,4,5,6,7,8,9,                 0.1,                 0.2
                 3.7,97,1,2,3,4,5,6,7,8,9,                 0.1,                 0.2
                 3.8,97,1,2,3,4,5,6,7,8,9,                 0.1,                 0.2
                 3.9,97,1,2,3,4,5,6,7,8,9,                 0.1,                 0.2
                   4,97,1,2,3,4,5,6,7,8,9,                 0.1,                 0.2
                 4.1,97,1,2,3,4,5,6,7,8,9,                 0.1,                 0.2
                 4.2,97,1,2,3,4,5,6,7,8,9,                 0.1,                 0.2
                 4.3,97,1,2,3,4,5,6,7,8,9,                 0.1,                 0.2
                 4.4,97,1,2,3,4,5,6,7,8,9,                 0.1,                 0.2
                 4.5,97,1,2,3,4,5,6,7,8,9,                 0.1,                 0.2
                 4.6,97,1,2,3,4,5,6,7,8,9,                 0.1,                 0.2
                 4.7,97,1,2,3,4,5,6,7,8,9,                 0.1,                 0.2
                 4.8,97,1,2,3,4,5,6,7,8,9,                 0.1,                 0.2
                 4.9,97,1,2,3,4,5,6,7,8,9,                 0.1,                 0.2
                   5,97,1,202,3,-246,9,10,3,4,0,         0.099999845,  0.1999997486725836
                 5.1,98,0,203,4,-245,9,10,3,4,0,        -0.060000159,-0.05116232894872369
                 5.2,99,255,204,4,-244,9,10,3,4,1,         -0.22000016, -0.3013331836028378
                 5.3,100,255,205,6,-243,9,10,3,4,1,         -0.38000014, -0.5495255052186028
                 5.4,101,253,206,6,-242,9,10,3,4,2,         -0.54000014, -0.7947597920909151
                 5.5,102,252,207,8,-241,9,10,3,4,2,         -0.70000017,  -1.036068216526358
                 5.6,103,252,208,9,-240,9,10,3,4,3,         -0.86000013,   -1.27249844441703
                 5.7,104,250,209,9,-239,9,10,3,4,3,          -1.0200001,  -1.503117393668124
                 5.8,105,250,210,11,-238,9,10,3,4,4,          -1.1800002,  -1.727014916646747
                 5.9,106,248,211,11,-237,9,10,3,4,4,          -1.3400002,  -1.943307392118734
                   6,107,247,212,13,-236,9,10,3,4,5,          -1.5000001,  -2.151141212498039
                 6.1,108,247,213,14,-235,9,10,3,4,5,          -1.6600002,   -2.34969615264585
                 6.2,109,245,214,14,-234,9,10,3,4,6,          -1.8200002,  -2.538188606924549
                 6.3,110,245,215,16,-233,9,10,3,4,6,          -1.9800001,  -2.715874681731093
                 6.4,111,243,216,16,-232,9,10,3,4,7,          -2.1400001,  -2.882053131305276
                 6.5,112,242,217,18,-231,9,10,3,4,792,          -2.3000002,  -3.036068125226328
                 6.6,113,242,218,19,-230,9,10,3,4,792,          -2.4600003,  -3.177311836676016
                 6.7,114,240,219,19,-229,9,10,3,4,791,          -2.6200001,  -3.305226841253352
                 6.8,115,239,220,21,-228,9,10,3,4,791,          -2.7800002,  -3.419308316874081
                 6.9,116,238,221,21,-227,9,10,3,4,790,          -2.9400001,  -3.519106036072789
                   7,117,237,222,23,-226,9,10,3,4,790,          -3.1000001,  -3.604226142845049
                 7.1,118,237,223,24,-225,9,10,3,4,789,          -3.2600002,  -3.674332707017103
                 7.2,119,235,224,24,-224,9,10,3,4,789,          -3.4200001,  -3.729149050008809
                 7.3,120,234,225,26,-223,9,10,3,4,788,          -3.5800002,   -3.76845883675758
                 7.4,121,233,226,26,-222,9,10,3,4,788,          -3.7400002,  -3.792106929494057
                 7.5,122,232,227,28,-221,9,10,3,12,787,          -3.8999999,  -3.799999999999992
                 7.6,123,232,228,29,-220,9,10,3,12,787,          -3.7399998,    -3.7921068979321
                 7.7,124,230,229,29,-219,9,10,3,12,786,          -3.5799999,  -3.768458773758226
                 7.8,125,229,230,31,-218,9,10,3,12,786,          -3.4199998,  -3.729148955820687
                 7.9,126,228,231,31,-217,9,10,3,12,785,          -3.2599998,  -3.674332582011931
                   8,127,227,232,33,-216,9,10,3,12,15,          -3.0999999,  -3.604225987516166
                 8.1,-128,227,233,34,-215,9,10,3,12,15,          -2.9399998,  -3.519105851033206
   8.199999999999999,-127,226,234,34,-214,9,10,3,12,16,          -2.7799997,  -3.419308102854066
   8.300000000000001,-126,224,235,36,-213,9,10,3,12,16,          -2.6199999,  -3.305226599097543
                 8.4,-125,223,236,36,-212,9,10,3,12,17,          -2.4599998,  -3.177311567340093
                 8.5,-124,222,237,38,-211,9,10,3,12,17,                -2.3,  -3.036067829773235
                 8.6,-123,221,238,39,-210,9,10,3,12,18,          -2.1399999,  -2.882052810901032
   8.699999999999999,-122,221,239,39,-209,9,10,3,12,18,          -1.9799998,  -2.715874337640192
   8.800000000000001,-121,219,240,41,-208,9,10,3,12,19,          -1.8199998,  -2.538188240504951
                 8.9,-120,218,241,41,-207,9,10,3,12,19,          -1.6599998,  -2.349695765343661
                   9,-119,217,242,43,-206,9,10,3,12,20,          -1.4999999,  -2.151140805841742
                 9.1,-118,216,243,44,-205,9,10,3,12,20,          -1.3399998,  -1.943306967713234
   9.199999999999999,-117,216,244,44,-204,9,10,3,12,21,          -1.1799998,  -1.727014476166966
   9.300000000000001,-116,214,245,46,-203,9,10,3,12,21,          -1.0199999,  -1.503116938852453
                 9.4,-115,213,246,46,-202,9,10,3,12,22,         -0.85999984,  -1.272497977060393
                 9.5,-114,212,247,48,-201,9,10,3,12,22,         -0.69999981,  -1.036067738473217
                 9.6,-113,211,248,49,-200,9,10,3,12,777,         -0.53999984, -0.7947593052279156
   9.699999999999999,-112,211,249,49,-199,9,10,3,12,776,         -0.37999985, -0.5495250114671903
   9.800000000000001,-111,209,250,51,-198,9,10,3,12,776,         -0.21999983,  -0.301332684911596
                 9.9,-110,208,251,51,-197,9,10,3,12,775,        -0.059999838,-0.05116182728577995
                  10,-109,207,252,53,-196,9,10,11,4,775,          0.10000016,  0.2000002513274089
                10.1,-108,206,253,54,-195,1,2,11,4,774,          0.26000017,  0.4511623289487232
                10.2,-107,206,254,54,-194,1,2,11,4,774,          0.42000017,  0.7013331836028234
                10.3,-106,204,255,56,-193,1,2,11,4,773,          0.58000016,  0.9495255052186022
                10.4,-105,203,256,56,-192,1,2,11,4,773,          0.74000019,   1.194759792090915
                10.5,-104,202,257,58,-191,1,2,11,4,772,          0.90000015,   1.436068216526357
                10.6,-103,201,258,59,-190,1,2,11,4,772,           1.0600002,   1.672498444417023
                10.7,-102,201,259,59,-189,1,2,11,4,771,           1.2200001,   1.903117393668123
                10.8,-101,199,260,61,-188,1,2,11,4,771,           1.3800001,   2.127014916646747
                10.9,-100,198,261,61,-187,1,2,11,4,770,           1.5400002,   2.343307392118733
                  11,-99,197,262,63,-186,1,2,11,4,770,           1.7000002,   2.551141212498039
                11.1,-98,196,263,64,-185,1,2,11,4,769,           1.8600001,   2.749696152645849
                11.2,-97,196,264,65,-184,1,2,11,4,769,           2.0200002,   2.938188606924549
                11.3,-96,194,265,66,-183,1,2,11,4,31,           2.1800001,   3.115874681731098
                11.4,-95,193,266,66,-182,1,2,11,4,32,           2.3400002,   3.282053131305276
                11.5,-94,192,267,68,-181,1,2,11,4,32,           2.5000002,   3.436068125226332
                11.6,-93,191,268,69,-180,1,2,11,4,33,           2.6600001,   3.577311836676017
                11.7,-92,190,269,70,-179,1,2,11,4,33,           2.8200002,   3.705226841253352
                11.8,-91,189,270,71,-178,1,2,11,4,34,           2.9800003,   3.819308316874082
                11.9,-90,188,271,71,-177,1,2,11,4,34,           3.1400001,   3.919106036072794
                  12,-89,187,272,73,-176,1,2,11,4,35,           3.3000002,    4.00422614284505
                12.1,-88,186,273,74,-175,1,2,11,4,35,           3.4600003,   4.074332707017104
                12.2,-87,185,274,75,-174,1,2,11,4,36,           3.6200001,   4.129149050008809
                12.3,-86,184,275,76,-173,1,2,11,4,36,           3.7800002,   4.168458836757583
                12.4,-85,183,276,76,-172,1,2,11,4,37,           3.9400001,   4.192106929494058
                12.5,-84,182,277,78,-171,1,2,11,12,37,           4.0999999,   4.199999999999992
                12.6,-83,181,278,79,-170,1,2,11,12,38,           3.9399998,   4.192106897932099
                12.7,-82,180,279,80,-169,1,2,11,12,38,           3.7799997,   4.168458773758224
                12.8,-81,179,280,81,-168,1,2,11,12,39,           3.6199999,   4.129148955820682
                12.9,-80,178,281,81,-167,1,2,11,12,39,           3.4599998,   4.074332582011928
                  13,-79,177,282,83,-166,1,2,11,12,40,                 3.3,   4.004225987516159
                13.1,-78,176,283,84,-165,1,2,11,12,759,           3.1399999,   3.919105851033201
                13.2,-77,175,284,85,-164,1,2,11,12,759,           2.9799998,   3.819308102854054
                13.3,-76,174,285,86,-163,1,2,11,12,758,           2.8199999,   3.705226599097533
                13.4,-75,173,286,86,-162,1,2,11,12,758,           2.6599998,   3.577311567340082
                13.5,-74,172,287,88,-161,1,2,11,12,757,           2.4999998,   3.436067829773227
                13.6,-73,171,288,89,-160,1,2,11,12,757,           2.3399999,   3.282052810901019
                13.7,-72,170,289,90,-159,1,2,11,12,756,           2.1799998,   3.115874337640173
                13.8,-71,169,290,91,-158,1,2,11,12,756,           2.0199997,   2.938188240504936
                13.9,-70,168,291,91,-157,1,2,11,12,755,           1.8599999,   2.749695765343635
                  14,-69,167,292,93,-156,1,2,11,12,755,           1.6999998,   2.551140805841726
                14.1,-68,166,293,94,-155,1,2,11,12,754,           1.5399998,    2.34330696771321
                14.2,-67,165,294,95,-154,1,2,11,12,754,           1.3799999,   2.127014476166948
                14.3,-66,164,295,96,-153,1,2,11,12,753,           1.2199998,   1.903116938852421
                14.4,-65,163,296,97,-152,1,2,11,12,753,           1.0599998,   1.672497977060367
                14.5,-64,162,297,98,-151,1,2,11,12,752,          0.89999986,   1.436067738473191
                14.6,-63,161,298,99,-150,1,2,11,12,752,          0.73999983,   1.194759305227888
                14.7,-62,160,299,100,-149,1,2,11,12,751,          0.57999986,  0.9495250114671558
                14.8,-61,159,300,101,-148,1,2,11,12,751,          0.41999984,  0.7013326849115613
                14.9,-60,158,301,102,-147,1,2,11,12,750,          0.25999984,  0.4511618272857521
                  15,-59,157,302,103,-146,9,10,3,4,50,         0.099999845,  0.1999997486725632
                15.1,-58,156,303,104,-145,9,10,3,4,50,        -0.060000159,-0.05116232894875816
                15.2,-57,155,304,105,-144,9,10,3,4,51,         -0.22000016,  -0.301333183602865
                15.3,-56,154,305,106,-143,9,10,3,4,51,         -0.38000014, -0.5495255052186436
                15.4,-55,153,306,107,-142,9,10,3,4,52,         -0.54000014, -0.7947597920909486
                15.5,-54,152,307,108,-141,9,10,3,4,52,         -0.70000017,  -1.036068216526391
                15.6,-53,151,308,109,-140,9,10,3,4,53,         -0.86000013,  -1.272498444417062
                15.7,-52,150,309,110,-139,9,10,3,4,53,          -1.0200001,  -1.503117393668161
                15.8,-51,149,310,111,-138,9,10,3,4,54,          -1.1800002,  -1.727014916646784
                15.9,-50,148,311,112,-137,9,10,3,4,54,          -1.3400002,  -1.943307392118769
                  16,-49,147,312,113,-136,9,10,3,4,55,          -1.5000001,  -2.151141212498067
                16.1,-48,146,313,114,-135,9,10,3,4,55,          -1.6600002,  -2.349696152645887
                16.2,-47,145,314,115,-134,9,10,3,4,56,          -1.8200002,  -2.538188606924579
                16.3,-46,144,315,116,-133,9,10,3,4,56,          -1.9800001,  -2.715874681731126
                16.4,-45,144,316,116,-132,9,10,3,4,57,          -2.1400001,  -2.882053131305298
                16.5,-44,142,317,118,-131,9,10,3,4,57,          -2.3000002,  -3.036068125226357
                16.6,-43,141,318,119,-130,9,10,3,4,58,          -2.4600003,  -3.177311836676043
                16.7,-42,140,319,120,-129,9,10,3,4,58,          -2.6200001,  -3.305226841253376
                16.8,-41,139,320,121,-128,9,10,3,4,59,          -2.7800002,  -3.419308316874102
                16.9,-40,139,321,121,-127,9,10,3,4,59,          -2.9400001,  -3.519106036072807
                  17,-39,137,322,123,-126,9,10,3,4,60,          -3.1000001,  -3.604226142845064
                17.1,-38,136,323,124,-125,9,10,3,4,739,          -3.2600002,  -3.674332707017117
                17.2,-37,135,324,125,-124,9,10,3,4,739,          -3.4200001,  -3.729149050008818
                17.3,-36,134,325,126,-123,9,10,3,4,738,          -3.5800002,  -3.768458836757588
                17.4,-35,134,326,126,-122,9,10,3,4,738,          -3.7400002,   -3.79210692949406
                17.5,-34,132,327,128,-121,9,10,3,12,737,          -3.8999999,  -3.799999999999992
                17.6,-33,131,328,129,-119,9,10,3,12,737,          -3.7399998,  -3.792106897932095
                17.7,-32,130,329,130,-119,9,10,3,12,736,          -3.5799999,  -3.768458773758218
                17.8,-31,129,330,131,-118,9,10,3,12,736,          -3.4199998,  -3.729148955820674
                17.9,-30,128,331,132,-117,9,10,3,12,735,          -3.2599998,  -3.674332582011916
                  18,-29,127,332,133,-116,9,10,3,12,735,          -3.0999999,  -3.604225987516144
                18.1,-28,126,333,134,-114,9,10,3,12,734,          -2.9399998,   -3.51910585103318
                18.2,-27,125,334,135,-114,9,10,3,12,734,          -2.7799997,  -3.419308102854035
                18.3,-26,124,335,136,-113,9,10,3,12,733,          -2.6199999,  -3.305226599097508
                18.4,-25,123,336,137,-112,9,10,3,12,733,          -2.4599998,  -3.177311567340055
                18.5,-24,122,337,138,-111,9,10,3,12,732,                -2.3,  -3.036067829773193
                18.6,-23,121,338,139,-109,9,10,3,12,732,          -2.1399999,  -2.882052810900978
                18.7,-22,120,339,140,-109,9,10,3,12,731,          -1.9799998,  -2.715874337640136
                18.8,-21,119,340,141,-108,9,10,3,12,731,          -1.8199998,  -2.538188240504892
                18.9,-20,118,341,142,-107,9,10,3,12,730,          -1.6599998,  -2.349695765343596
                  19,-19,117,342,143,-106,9,10,3,12,730,          -1.4999999,  -2.151140805841675
                19.1,-18,116,343,144,-104,9,10,3,12,729,          -1.3399998,  -1.943306967713157
                19.2,-17,115,344,145,-104,9,10,3,12,729,          -1.1799998,  -1.727014476166896
                19.3,-16,114,345,146,-103,9,10,3,12,728,          -1.0199999,  -1.503116938852367
                19.4,-15,113,346,147,-102,9,10,3,12,72,         -0.85999984,  -1.272497977060314
                19.5,-14,112,347,148,-101,9,10,3,12,72,         -0.69999981,   -1.03606773847313
                19.6,-13,111,348,149,-99,9,10,3,12,73,         -0.53999984,  -0.794759305227827
                19.7,-12,110,349,150,-99,9,10,3,12,73,         -0.37999985, -0.5495250114670971
                19.8,-11,109,350,151,-98,9,10,3,12,74,         -0.21999983, -0.3013326849115018
                19.9,-10,108,351,152,-97,9,10,3,12,74,        -0.059999838,-0.05116182728568874
                  20,-9,107,352,153,-96,1,2,11,4,75,          0.10000016,  0.2000002513275073
                20.1,-8,106,353,154,-94,1,2,11,4,75,          0.26000017,  0.4511623289488286
                20.2,-7,105,354,155,-94,1,2,11,4,76,          0.42000017,  0.7013331836029315
                20.3,-6,104,355,156,-93,1,2,11,4,76,          0.58000016,  0.9495255052187095
                20.4,-5,103,356,157,-92,1,2,11,4,77,          0.74000019,    1.19475979209101
                20.5,-4,102,357,158,-91,1,2,11,4,77,          0.90000015,   1.436068216526458
                20.6,-3,101,358,159,-89,1,2,11,4,78,           1.0600002,   1.672498444417127
                20.7,-2,100,359,160,-89,1,2,11,4,78,           1.2200001,   1.903117393668222
                20.8,-1,99,360,161,-88,1,2,11,4,79,           1.3800001,   2.127014916646843
                20.9,0,98,361,162,-87,1,2,11,4,79,           1.5400002,   2.343307392118823
                  21,1,97,362,163,-86,1,2,11,4,80,           1.7000002,   2.551141212498124
                21.1,2,96,363,164,-84,1,2,11,4,80,           1.8600001,   2.749696152645942
                21.2,3,95,364,165,-84,1,2,11,4,81,           2.0200002,   2.938188606924626
                21.3,4,94,365,166,-83,1,2,11,4,81,           2.1800001,   3.115874681731172
                21.4,5,93,366,167,-82,1,2,11,4,82,           2.3400002,   3.282053131305341
                21.5,6,92,367,168,-81,1,2,11,4,82,           2.5000002,   3.436068125226396
                21.6,7,91,368,169,-79,1,2,11,4,83,           2.6600001,   3.577311836676079
                21.7,8,90,369,170,-79,1,2,11,4,83,           2.8200002,   3.705226841253407
                21.8,9,89,370,171,-78,1,2,11,4,84,           2.9800003,    3.81930831687413
                21.9,10,88,371,172,-77,1,2,11,4,84,           3.1400001,   3.919106036072832
                  22,11,87,372,173,-76,1,2,11,4,715,           3.3000002,   4.004226142845085
                22.1,12,86,373,174,-74,1,2,11,4,714,           3.4600003,   4.074332707017134
                22.2,13,85,374,175,-74,1,2,11,4,714,           3.6200001,   4.129149050008831
                22.3,14,84,375,176,-73,1,2,11,4,713,           3.7800002,   4.168458836757597
                22.4,15,83,376,177,-72,1,2,11,4,713,           3.9400001,   4.192106929494065
                22.5,16,82,377,178,-71,1,2,11,12,712,           4.0999999,   4.199999999999992
                22.6,17,81,378,179,-69,1,2,11,12,712,           3.9399998,   4.192106897932091
                22.7,18,80,379,180,-69,1,2,11,12,711,           3.7799997,   4.168458773758211
                22.8,19,79,380,181,-68,1,2,11,12,711,           3.6199999,   4.129148955820661
                22.9,20,78,381,182,-67,1,2,11,12,710,           3.4599998,   4.074332582011899
                  23,21,77,382,183,-66,1,2,11,12,710,                 3.3,   4.004225987516124
                23.1,22,76,383,184,-64,1,2,11,12,709,           3.1399999,   3.919105851033156
                23.2,23,75,384,185,-64,1,2,11,12,709,           2.9799998,   3.819308102854006
                23.3,24,74,385,186,-63,1,2,11,12,708,           2.8199999,   3.705226599097476
                23.4,25,73,386,187,-62,1,2,11,12,708,           2.6599998,    3.57731156734002
                23.5,26,72,387,188,-61,1,2,11,12,707,           2.4999998,   3.436067829773154
                23.6,27,71,388,189,-59,1,2,11,12,707,           2.3399999,   3.282052810900936
                23.7,28,70,389,190,-59,1,2,11,12,706,           2.1799998,   3.115874337640091
                23.8,29,69,390,191,-57,1,2,11,12,706,           2.0199997,   2.938188240504843
                23.9,30,68,391,192,-57,1,2,11,12,705,           1.8599999,   2.749695765343545
                  24,31,67,392,193,-56,1,2,11,12,705,           1.6999998,   2.551140805841621
                24.1,32,66,393,194,-54,1,2,11,12,704,           1.5399998,     2.3433069677131
                24.2,33,65,394,195,-54,1,2,11,12,704,           1.3799999,   2.127014476166837
                24.3,34,64,395,196,-52,1,2,11,12,703,           1.2199998,   1.903116938852306
                24.4,35,63,396,197,-52,1,2,11,12,703,           1.0599998,   1.672497977060253
                24.5,36,62,397,198,-51,1,2,11,12,702,          0.89999986,   1.436067738473067
                24.6,37,61,398,199,-49,1,2,11,12,702,          0.73999983,   1.194759305227762
                24.7,38,60,399,200,-49,1,2,11,12,701,          0.57999986,  0.9495250114670331
                24.8,39,59,400,201,-47,1,2,11,12,701,          0.41999984,  0.7013326849114372
                24.9,40,58,401,202,-47,1,2,11,12,700,          0.25999984,  0.4511618272856237
                  25,41,57,402,203,-46,9,10,3,4,100,         0.099999845,  0.1999997486724328
                25.1,42,56,403,204,-44,9,10,3,4,100,        -0.060000159,-0.05116232894888839
                25.2,43,55,404,205,-44,9,10,3,4,101,         -0.22000016, -0.3013331836029909
                25.3,44,54,405,206,-42,9,10,3,4,101,         -0.38000014, -0.5495255052187684
                25.4,45,53,406,207,-42,9,10,3,4,102,         -0.54000014, -0.7947597920910681
                25.5,46,52,407,208,-41,9,10,3,4,102,         -0.70000017,  -1.036068216526514
                25.6,47,51,408,209,-39,9,10,3,4,103,         -0.86000013,  -1.272498444417183
                25.7,48,50,409,210,-39,9,10,3,4,103,          -1.0200001,  -1.503117393668276
                25.8,49,49,410,211,-37,9,10,3,4,104,          -1.1800002,  -1.727014916646895
                25.9,50,48,411,212,-37,9,10,3,4,104,          -1.3400002,  -1.943307392118873
                  26,51,47,412,213,-36,9,10,3,4,105,          -1.5000001,  -2.151141212498172
                26.1,52,46,413,214,-34,9,10,3,4,105,          -1.6600002,  -2.349696152645988
                26.2,53,45,414,215,-34,9,10,3,4,106,          -1.8200002,  -2.538188606924672
                26.3,54,44,415,216,-32,9,10,3,4,106,          -1.9800001,  -2.715874681731213
                26.4,55,43,416,217,-32,9,10,3,4,107,          -2.1400001,   -2.88205313130538
                26.5,56,42,417,218,-31,9,10,3,4,107,          -2.3000002,  -3.036068125226432
                26.6,57,41,418,219,-29,9,10,3,4,108,          -2.4600003,  -3.177311836676113
                26.7,58,40,419,220,-29,9,10,3,4,108,          -2.6200001,  -3.305226841253436
                26.8,59,39,420,221,-27,9,10,3,4,109,          -2.7800002,  -3.419308316874155
                26.9,60,38,421,222,-27,9,10,3,4,109,          -2.9400001,  -3.519106036072854
                  27,61,37,422,223,-26,9,10,3,4,110,          -3.1000001,  -3.604226142845104
                27.1,62,36,423,224,-24,9,10,3,4,110,          -3.2600002,  -3.674332707017149
                27.2,63,35,424,225,-24,9,10,3,4,111,          -3.4200001,  -3.729149050008842
                27.3,64,34,425,226,-22,9,10,3,4,111,          -3.5800002,  -3.768458836757604
                27.4,65,33,426,227,-22,9,10,3,4,112,          -3.7400002,  -3.792106929494068
                27.5,66,32,427,228,-21,9,10,3,12,112,          -3.8999999,  -3.799999999999992
                27.6,67,31,428,229,-19,9,10,3,12,113,          -3.7399998,  -3.792106897932087
                27.7,68,30,429,230,-19,9,10,3,12,113,          -3.5799999,  -3.768458773758202
                27.8,69,29,430,231,-17,9,10,3,12,114,          -3.4199998,  -3.729148955820649
                27.9,70,28,431,232,-17,9,10,3,12,114,          -3.2599998,  -3.674332582011884
                  28,71,27,432,233,-16,9,10,3,12,115,          -3.0999999,  -3.604225987516104
                28.1,72,26,433,234,-14,9,10,3,12,115,          -2.9399998,  -3.519105851033133
                28.2,73,25,434,235,-14,9,10,3,12,116,          -2.7799997,   -3.41930810285398
                28.3,74,24,435,236,-12,9,10,3,12,116,          -2.6199999,  -3.305226599097446
                28.4,75,23,436,237,-12,9,10,3,12,117,          -2.4599998,  -3.177311567339987
                28.5,76,22,437,238,-11,9,10,3,12,117,                -2.3,  -3.036067829773118
                28.6,77,21,438,239,-9,9,10,3,12,118,          -2.1399999,  -2.882052810900896
                28.7,78,20,439,240,-9,9,10,3,12,118,          -1.9799998,  -2.715874337640049
                28.8,79,19,440,241,-7,9,10,3,12,119,          -1.8199998,  -2.538188240504799
                28.9,80,18,441,242,-7,9,10,3,12,680,          -1.6599998,  -2.349695765343498
                  29,81,17,442,243,-6,9,10,3,12,680,          -1.4999999,  -2.151140805841572
                29.1,82,16,443,244,-4,9,10,3,12,679,          -1.3399998,  -1.943306967713049
                29.2,83,15,444,245,-4,9,10,3,12,679,          -1.1799998,  -1.727014476166784
                29.3,84,14,445,246,-2,9,10,3,12,678,          -1.0199999,  -1.503116938852251
                29.4,85,13,446,247,-2,9,10,3,12,678,         -0.85999984,  -1.272497977060196
                29.5,86,12,447,248,-1,9,10,3,12,677,         -0.69999981,  -1.036067738473009
                29.6,87,11,448,249,0,9,10,3,12,677,         -0.53999984, -0.7947593052277038
                29.7,88,10,449,250,0,9,10,3,12,676,         -0.37999985, -0.5495250114669725
                29.8,89,9,450,251,2,9,10,3,12,676,         -0.21999983, -0.3013326849113758
                29.9,90,8,451,252,2,9,10,3,12,675,        -0.059999838,-0.05116182728556246
                  30,91,7,452,253,4,1,2,11,4,675,          0.10000016,   0.200000251327634
                30.1,92,6,453,254,5,1,2,11,4,674,          0.26000017,  0.4511623289489551
                30.2,93,5,454,255,5,1,2,11,4,674,          0.42000017,   0.701333183603057
                30.3,94,4,455,256,7,1,2,11,4,673,          0.58000016,  0.9495255052188338
                30.4,95,3,456,257,7,1,2,11,4,673,          0.74000019,   1.194759792091132
                30.5,96,2,457,258,9,1,2,11,4,672,          0.90000015,   1.436068216526578
                30.6,97,1,458,259,10,1,2,11,4,672,           1.0600002,   1.672498444417245
                30.7,98,0,459,260,10,1,2,11,4,671,           1.2200001,   1.903117393668336
                30.8,99,255,460,261,12,1,2,11,4,671,           1.3800001,   2.127014916646953
                30.9,100,254,461,262,12,1,2,11,4,670,           1.5400002,   2.343307392118929
                  31,101,253,462,263,14,1,2,11,4,670,           1.7000002,   2.551141212498226
                31.1,102,252,463,264,15,1,2,11,4,669,           1.8600001,   2.749696152646039
                31.2,103,251,464,265,15,1,2,11,4,669,           2.0200002,    2.93818860692472
                31.3,104,250,465,266,17,1,2,11,4,668,           2.1800001,   3.115874681731258
                31.4,105,249,466,267,17,1,2,11,4,668,           2.3400002,   3.282053131305423
                31.5,106,248,467,268,19,1,2,11,4,667,           2.5000002,   3.436068125226472
                31.6,107,247,468,269,20,1,2,11,4,667,           2.6600001,   3.577311836676148
                31.7,108,246,469,270,20,1,2,11,4,666,           2.8200002,   3.705226841253468
                31.8,109,245,470,271,22,1,2,11,4,666,           2.9800003,   3.819308316874184
                31.9,110,244,471,272,22,1,2,11,4,665,           3.1400001,   3.919106036072879
                  32,111,243,472,273,24,1,2,11,4,665,           3.3000002,   4.004226142845125
                32.1,112,242,473,274,25,1,2,11,4,664,           3.4600003,   4.074332707017166
                32.2,113,241,474,275,26,1,2,11,4,664,           3.6200001,   4.129149050008857
                32.3,114,240,475,276,26,1,2,11,4,663,           3.7800002,   4.168458836757611
                32.4,115,239,476,277,27,1,2,11,4,663,           3.9400001,   4.192106929494073
                32.5,116,238,477,278,29,1,2,11,12,662,           4.0999999,   4.199999999999992
                32.6,117,237,478,279,30,1,2,11,12,662,           3.9399998,   4.192106897932083
                32.7,118,236,479,280,31,1,2,11,12,661,           3.7799997,   4.168458773758193
                32.8,119,235,480,281,31,1,2,11,12,661,           3.6199999,   4.129148955820639
                32.9,120,234,481,282,32,1,2,11,12,660,           3.4599998,   4.074332582011867
                  33,121,233,482,283,34,1,2,11,12,660,                 3.3,   4.004225987516084
                33.1,122,232,483,284,35,1,2,11,12,659,           3.1399999,   3.919105851033109
                33.2,123,231,484,285,36,1,2,11,12,659,           2.9799998,   3.819308102853947
                33.3,124,230,485,286,36,1,2,11,12,658,           2.8199999,    3.70522659909742
                33.4,125,229,486,287,37,1,2,11,12,658,           2.6599998,   3.577311567339951
                33.5,126,228,487,288,39,1,2,11,12,657,           2.4999998,    3.43606782977308
                33.6,127,227,488,289,40,1,2,11,12,657,           2.3399999,   3.282052810900855
                33.7,-128,226,489,290,41,1,2,11,12,656,           2.1799998,   3.115874337639997
                33.8,-127,225,490,291,41,1,2,11,12,656,           2.0199997,   2.938188240504759
                33.9,-126,224,491,292,42,1,2,11,12,655,           1.8599999,   2.749695765343447
                  34,-125,223,492,293,44,1,2,11,12,655,           1.6999998,   2.551140805841518
                34.1,-124,222,493,294,45,1,2,11,12,654,           1.5399998,   2.343306967712993
                34.2,-123,221,494,295,46,1,2,11,12,654,           1.3799999,   2.127014476166716
                34.3,-122,220,495,296,46,1,2,11,12,653,           1.2199998,   1.903116938852201
                34.4,-121,219,496,297,47,1,2,11,12,653,           1.0599998,   1.672497977060134
                34.5,-120,218,497,298,49,1,2,11,12,652,          0.89999986,   1.436067738472946
                34.6,-119,217,498,299,50,1,2,11,12,652,          0.73999983,   1.194759305227639
                34.7,-118,216,499,300,51,1,2,11,12,651,          0.57999986,  0.9495250114668961
                34.8,-117,215,500,301,51,1,2,11,12,651,          0.41999984,  0.7013326849113217
                34.9,-116,214,501,302,52,1,2,11,12,650,          0.25999984,   0.451161827285497
                  35,-115,213,502,303,54,9,10,3,4,150,         0.099999845,   1.199999748672299
                35.1,-114,212,503,304,55,9,10,3,4,150,        -0.060000159,  0.9488376710509778
                35.2,-113,211,504,305,56,9,10,3,4,151,         -0.22000016,  0.6986668163968655
                35.3,-112,210,505,306,56,9,10,3,4,151,         -0.38000014,  0.4504744947811121
                35.4,-111,209,506,307,57,9,10,3,4,152,         -0.54000014,  0.2052402079088038
                35.5,-110,208,507,308,59,9,10,3,4,152,         -0.70000017,-0.03606821652664038
                35.6,-109,207,508,309,60,9,10,3,4,153,         -0.86000013,  -0.272498444417306
                35.7,-108,206,509,310,61,9,10,3,4,153,          -1.0200001, -0.5031173936684055
                35.8,-107,205,510,311,61,9,10,3,4,154,          -1.1800002, -0.7270149166470017
                35.9,-106,204,511,312,62,9,10,3,4,154,          -1.3400002, -0.9433073921189845
                  36,-105,203,512,313,64,9,10,3,4,155,          -1.5000001,  -1.151141212498279
                36.1,-104,202,513,314,65,9,10,3,4,155,          -1.6600002,   -1.34969615264609
                36.2,-103,201,514,315,66,9,10,3,4,156,          -1.8200002,  -1.538188606924776
                36.3,-102,200,515,316,66,9,10,3,4,156,          -1.9800001,  -1.715874681731296
                36.4,-101,199,516,317,67,9,10,3,4,157,          -2.1400001,  -1.882053131305464
                36.5,-100,198,517,318,69,9,10,3,4,157,          -2.3000002,   -2.03606812522651
                36.6,-99,197,518,319,70,9,10,3,4,158,          -2.4600003,  -2.177311836676183
                36.7,-98,196,519,320,71,9,10,3,4,158,          -2.6200001,  -2.305226841253505
                36.8,-97,195,520,321,71,9,10,3,4,159,          -2.7800002,  -2.419308316874207
                36.9,-96,194,521,322,72,9,10,3,4,159,          -2.9400001,  -2.519106036072903
                  37,-95,193,522,323,74,9,10,3,4,160,          -3.1000001,  -2.604226142845145
                37.1,-94,192,523,324,75,9,10,3,4,160,          -3.2600002,  -2.674332707017182
                37.2,-93,191,524,325,76,9,10,3,4,161,          -3.4200001,  -2.729149050008869
                37.3,-92,190,525,326,76,9,10,3,4,161,          -3.5800002,   -2.76845883675762
                37.4,-91,189,526,327,77,9,10,3,4,162,          -3.7400002,  -2.792106929494077
                37.5,-90,188,527,328,79,9,10,3,12,162,          -3.8999999,  -2.799999999999992
                37.6,-89,187,528,329,80,9,10,3,12,163,          -3.7399998,  -2.792106897932079
                37.7,-88,186,529,330,81,9,10,3,12,163,          -3.5799999,  -2.768458773758184
                37.8,-87,185,530,331,81,9,10,3,12,164,          -3.4199998,  -2.729148955820627
                37.9,-86,184,531,332,82,9,10,3,12,164,          -3.2599998,  -2.674332582011851
                  38,-85,183,532,333,84,9,10,3,12,165,          -3.0999999,  -2.604225987516064
                38.1,-84,182,533,334,85,9,10,3,12,165,          -2.9399998,  -2.519105851033084
                38.2,-83,181,534,335,86,9,10,3,12,166,          -2.7799997,  -2.419308102853919
                38.3,-82,180,535,336,86,9,10,3,12,166,          -2.6199999,  -2.305226599097387
                38.4,-81,179,536,337,87,9,10,3,12,167,          -2.4599998,  -2.177311567339915
                38.5,-80,178,537,338,89,9,10,3,12,167,                -2.3,   -2.03606782977304
                38.6,-79,177,538,339,90,9,10,3,12,168,          -2.1399999,  -1.882052810900812
                38.7,-78,176,539,340,91,9,10,3,12,168,          -1.9799998,  -1.715874337639951
                38.8,-77,175,540,341,91,9,10,3,12,169,          -1.8199998,  -1.538188240504709
                38.9,-76,174,541,342,92,9,10,3,12,169,          -1.6599998,  -1.349695765343395
                  39,-75,173,542,343,94,9,10,3,12,170,          -1.4999999,  -1.151140805841464
                39.1,-74,172,543,344,95,9,10,3,12,170,          -1.3399998,  -0.943306967712936
                39.2,-73,171,544,345,96,9,10,3,12,171,          -1.1799998, -0.7270144761666575
                39.3,-72,170,545,346,96,9,10,3,12,171,          -1.0199999, -0.5031169388521401
                39.4,-71,169,546,347,97,9,10,3,12,172,         -0.85999984, -0.2724979770600715
                39.5,-70,168,547,348,99,9,10,3,12,172,         -0.69999981,-0.03606773847288225
                39.6,-69,167,548,349,100,9,10,3,12,173,         -0.53999984,  0.2052406947724257
                39.7,-68,166,549,350,101,9,10,3,12,173,         -0.37999985,  0.4504749885331698
                39.8,-67,165,550,351,101,9,10,3,12,174,         -0.21999983,  0.6986673150887466
                39.9,-66,164,551,352,102,9,10,3,12,174,        -0.059999838,  0.9488381727145716
                  40,-65,163,552,353,104,1,2,11,4,175,          0.10000016,   1.200000251327768
                40.1,-64,162,553,354,105,1,2,11,4,175,          0.26000017,   1.451162328949089
                40.2,-63,161,554,355,106,1,2,11,4,176,          0.42000017,   1.701333183603201
                40.3,-62,160,555,356,106,1,2,11,4,176,          0.58000016,   1.949525505218952
                40.4,-61,159,556,357,107,1,2,11,4,177,          0.74000019,    2.19475979209126
                40.5,-60,158,557,358,109,1,2,11,4,177,          0.90000015,   2.436068216526706
                40.6,-59,157,558,359,110,1,2,11,4,178,           1.0600002,    2.67249844441737
                40.7,-58,156,559,360,111,1,2,11,4,178,           1.2200001,   2.903117393668468
                40.8,-57,155,560,361,111,1,2,11,4,179,           1.3800001,   3.127014916647059
                40.9,-56,154,561,362,112,1,2,11,4,179,           1.5400002,    3.34330739211904
                  41,-55,153,562,363,114,1,2,11,4,180,           1.7000002,   3.551141212498332
                41.1,-54,152,563,364,115,1,2,11,4,180,           1.8600001,    3.74969615264614
                41.2,-53,151,564,365,116,1,2,11,4,181,           2.0200002,   3.938188606924824
                41.3,-52,150,565,366,116,1,2,11,4,181,           2.1800001,   4.115874681731341
                41.4,-51,149,566,367,117,1,2,11,4,182,           2.3400002,   4.282053131305507
                41.5,-50,148,567,368,119,1,2,11,4,182,           2.5000002,    4.43606812522655
                41.6,-49,147,568,369,120,1,2,11,4,183,           2.6600001,   4.577311836676219
                41.7,-48,146,569,370,121,1,2,11,4,183,           2.8200002,   4.705226841253538
                41.8,-47,145,570,371,121,1,2,11,4,184,           2.9800003,   4.819308316874237
                41.9,-46,144,571,372,122,1,2,11,4,184,           3.1400001,   4.919106036072927
                  42,-45,143,572,373,124,1,2,11,4,185,           3.3000002,   5.004226142845166
                42.1,-44,142,573,374,125,1,2,11,4,185,           3.4600003,   5.074332707017199
                42.2,-43,141,574,375,126,1,2,11,4,186,           3.6200001,   5.129149050008881
                42.3,-42,140,575,376,126,1,2,11,4,186,           3.7800002,   5.168458836757628
                42.4,-41,139,576,377,127,1,2,11,4,187,           3.9400001,   5.192106929494081
                42.5,-40,138,577,378,129,1,2,11,12,187,           4.0999999,   5.199999999999992
                42.6,-39,137,578,379,130,1,2,11,12,188,           3.9399998,   5.192106897932075
                42.7,-38,136,579,380,131,1,2,11,12,188,           3.7799997,   5.168458773758176
                42.8,-37,135,580,381,131,1,2,11,12,189,           3.6199999,   5.129148955820614
                42.9,-36,134,581,382,133,1,2,11,12,189,           3.4599998,   5.074332582011835
                  43,-35,133,582,383,134,1,2,11,12,190,                 3.3,   5.004225987516044
                43.1,-34,132,583,384,135,1,2,11,12,190,           3.1399999,   4.919105851033061
                43.2,-33,131,584,385,136,1,2,11,12,191,           2.9799998,   4.819308102853892
                43.3,-32,130,585,386,136,1,2,11,12,191,           2.8199999,   4.705226599097356
                43.4,-31,129,586,387,138,1,2,11,12,192,           2.6599998,   4.577311567339882
                43.5,-30,128,587,388,139,1,2,11,12,192,           2.4999998,   4.436067829773003
                43.6,-29,127,588,389,140,1,2,11,12,193,           2.3399999,   4.282052810900772
                43.7,-28,126,589,390,141,1,2,11,12,193,           2.1799998,   4.115874337639907
                43.8,-27,125,590,391,141,1,2,11,12,194,           2.0199997,   3.938188240504664
                43.9,-26,124,591,392,143,1,2,11,12,194,           1.8599999,   3.749695765343346
                  44,-25,123,592,393,144,1,2,11,12,195,           1.6999998,   3.551140805841412
                44.1,-24,122,593,394,145,1,2,11,12,195,           1.5399998,   3.343306967712883
                44.2,-23,121,594,395,146,1,2,11,12,196,           1.3799999,   3.127014476166602
                44.3,-22,120,595,396,146,1,2,11,12,196,           1.2199998,   2.903116938852083
                44.4,-21,119,596,397,148,1,2,11,12,197,           1.0599998,   2.672497977060012
                44.5,-20,118,597,398,149,1,2,11,12,197,          0.89999986,   2.436067738472822
                44.6,-19,117,598,399,150,1,2,11,12,198,          0.73999983,   2.194759305227513
                44.7,-18,116,599,400,151,1,2,11,12,198,          0.57999986,   1.949525011466768
                44.8,-17,115,600,401,151,1,2,11,12,199,          0.41999984,    1.70133268491119
                44.9,-16,114,601,402,153,1,2,11,12,199,          0.25999984,   1.451161827285365
                  45,-15,113,602,403,154,9,10,3,4,200,         0.099999845,   1.199999748672168
                45.1,-14,112,603,404,155,9,10,3,4,200,        -0.060000159,  -1.051162328949145
                45.2,-13,111,604,405,156,9,10,3,4,201,         -0.22000016,  -1.301333183603243
                45.3,-12,110,605,406,156,9,10,3,4,201,         -0.38000014,  -1.549525505219011
                45.4,-11,109,606,407,158,9,10,3,4,202,         -0.54000014,  -1.794759792091304
                45.5,-10,108,607,408,159,9,10,3,4,202,         -0.70000017,  -2.036068216526732
                45.6,-9,107,608,409,160,9,10,3,4,203,         -0.86000013,   -2.27249844441739
                45.7,-8,106,609,410,161,9,10,3,4,203,          -1.0200001,  -2.503117393668473
                45.8,-7,105,610,411,161,9,10,3,4,204,          -1.1800002,  -2.727014916647081
                45.9,-6,104,611,412,163,9,10,3,4,204,          -1.3400002,  -2.943307392119048
                  46,-5,103,612,413,164,9,10,3,4,205,          -1.5000001,  -3.151141212498334
                46.1,-4,102,613,414,165,9,10,3,4,205,          -1.6600002,  -3.349696152646131
                46.2,-3,101,614,415,166,9,10,3,4,206,          -1.8200002,   -3.53818860692481
                46.3,-2,100,615,416,166,9,10,3,4,206,          -1.9800001,  -3.715874681731333
                46.4,-1,99,616,417,168,9,10,3,4,207,          -2.1400001,  -3.882053131305491
                46.5,0,98,617,418,169,9,10,3,4,207,          -2.3000002,   -4.03606812522653
                46.6,1,97,618,419,170,9,10,3,4,208,          -2.4600003,  -4.177311836676194
                46.7,2,96,619,420,171,9,10,3,4,208,          -2.6200001,  -4.305226841253511
                46.8,3,95,620,421,171,9,10,3,4,209,          -2.7800002,  -4.419308316874216
                46.9,4,94,621,422,173,9,10,3,4,209,          -2.9400001,  -4.519106036072907
                  47,5,93,622,423,174,9,10,3,4,210,          -3.1000001,  -4.604226142845144
                47.1,6,92,623,424,175,9,10,3,4,210,          -3.2600002,  -4.674332707017181
                47.2,7,91,624,425,176,9,10,3,4,211,          -3.4200001,  -4.729149050008864
                47.3,8,90,625,426,176,9,10,3,4,211,          -3.5800002,  -4.768458836757617
                47.4,9,89,626,427,178,9,10,3,4,212,          -3.7400002,  -4.792106929494075
                47.5,10,88,627,428,179,9,10,3,12,212,          -3.8999999,  -4.799999999999992
                47.6,11,87,628,429,180,9,10,3,12,213,          -3.7399998,  -4.792106897932081
                47.7,12,86,629,430,181,9,10,3,12,213,          -3.5799999,  -4.768458773758192
                47.8,13,85,630,431,181,9,10,3,12,214,          -3.4199998,  -4.729148955820635
                47.9,14,84,631,432,183,9,10,3,12,214,          -3.2599998,  -4.674332582011865
                  48,15,83,632,433,184,9,10,3,12,215,          -3.0999999,  -4.604225987516084
                48.1,16,82,633,434,185,9,10,3,12,215,          -2.9399998,  -4.519105851033114
                48.2,17,81,634,435,186,9,10,3,12,216,          -2.7799997,  -4.419308102853956
                48.3,18,80,635,436,186,9,10,3,12,216,          -2.6199999,  -4.305226599097425
                48.4,19,79,636,437,188,9,10,3,12,217,          -2.4599998,  -4.177311567339965
                48.5,20,78,637,438,189,9,10,3,12,582,                -2.3,  -4.036067829773099
                48.6,21,77,638,439,190,9,10,3,12,582,          -2.1399999,  -3.882052810900885
                48.7,22,76,639,440,191,9,10,3,12,581,          -1.9799998,  -3.715874337640034
                48.8,23,75,640,441,191,9,10,3,12,581,          -1.8199998,  -3.538188240504793
                48.9,24,74,641,442,193,9,10,3,12,580,          -1.6599998,  -3.349695765343489
                  49,25,73,642,443,194,9,10,3,12,580,          -1.4999999,  -3.151140805841573
                49.1,26,72,643,444,195,9,10,3,12,579,          -1.3399998,  -2.943306967713057
                49.2,27,71,644,445,196,9,10,3,12,579,          -1.1799998,  -2.727014476166795
                49.3,28,70,645,446,196,9,10,3,12,578,          -1.0199999,  -2.503116938852276
                49.4,29,69,646,447,198,9,10,3,12,578,         -0.85999984,  -2.272497977060218
                49.5,30,68,647,448,199,9,10,3,12,577,         -0.69999981,  -2.036067738473045
                49.6,31,67,648,449,200,9,10,3,12,577,         -0.53999984,  -1.794759305227747
                49.7,32,66,649,450,201,9,10,3,12,576,         -0.37999985,   -1.54952501146702
                49.8,33,65,650,451,201,9,10,3,12,576,         -0.21999983,  -1.301332684911431
                49.9,34,64,651,452,203,9,10,3,12,575,        -0.059999838,  -1.051161827285621
                  50,35,63,652,453,204,1,2,11,4,575,          0.10000016, -0.7999997486724316
                50.1,36,62,653,454,205,1,2,11,4,574,          0.26000017, -0.5488376710511247
                50.2,37,61,654,455,206,1,2,11,4,574,          0.42000017, -0.2986668163970256
                50.3,38,60,655,456,206,1,2,11,4,573,          0.58000016,-0.05047449478125499
                50.4,39,59,656,457,208,1,2,11,4,573,          0.74000019,  0.1947597920910416
                50.5,40,58,657,458,209,1,2,11,4,572,          0.90000015,  0.4360682165264818
                50.6,41,57,658,459,210,1,2,11,4,572,           1.0600002,  0.6724984444171378
                50.7,42,56,659,460,211,1,2,11,4,571,           1.2200001,  0.9031173936682353
                50.8,43,55,660,461,211,1,2,11,4,571,           1.3800001,   1.127014916646843
                50.9,44,54,661,462,213,1,2,11,4,570,           1.5400002,   1.343307392118826
                  51,45,53,662,463,214,1,2,11,4,570,           1.7000002,   1.551141212498116
                51.1,46,52,663,464,215,1,2,11,4,569,           1.8600001,   1.749696152645923
                51.2,47,51,664,465,216,1,2,11,4,569,           2.0200002,   1.938188606924613
                51.3,48,50,665,466,216,1,2,11,4,568,           2.1800001,   2.115874681731148
                51.4,49,49,666,467,218,1,2,11,4,568,           2.3400002,   2.282053131305323
                51.5,50,48,667,468,219,1,2,11,4,567,           2.5000002,   2.436068125226372
                51.6,51,47,668,469,220,1,2,11,4,567,           2.6600001,   2.577311836676053
                51.7,52,46,669,470,221,1,2,11,4,566,           2.8200002,   2.705226841253381
                51.8,53,45,670,471,221,1,2,11,4,566,           2.9800003,   2.819308316874104
                51.9,54,44,671,472,223,1,2,11,4,565,           3.1400001,   2.919106036072808
                  52,55,43,672,473,224,1,2,11,4,565,           3.3000002,   3.004226142845061
                52.1,56,42,673,474,225,1,2,11,4,564,           3.4600003,   3.074332707017112
                52.2,57,41,674,475,226,1,2,11,4,564,           3.6200001,   3.129149050008814
                52.3,58,40,675,476,226,1,2,11,4,563,           3.7800002,   3.168458836757584
                52.4,59,39,676,477,228,1,2,11,4,563,           3.9400001,   3.192106929494058
                52.5,60,38,677,478,229,1,2,11,12,562,           4.0999999,   3.199999999999992
                52.6,61,37,678,479,230,1,2,11,12,562,           3.9399998,   3.192106897932098
                52.7,62,36,679,480,231,1,2,11,12,561,           3.7799997,   3.168458773758225
                52.8,63,35,680,481,231,1,2,11,12,561,           3.6199999,   3.129148955820686
                52.9,64,34,681,482,233,1,2,11,12,560,           3.4599998,   3.074332582011933
                  53,65,33,682,483,234,1,2,11,12,560,                 3.3,   3.004225987516167
                53.1,66,32,683,484,235,1,2,11,12,240,           3.1399999,   2.919105851033213
                53.2,67,31,684,485,236,1,2,11,12,241,           2.9799998,   2.819308102854071
                53.3,68,30,685,486,236,1,2,11,12,241,           2.8199999,   2.705226599097556
                53.4,69,29,686,487,238,1,2,11,12,242,           2.6599998,   2.577311567340107
                53.5,70,28,687,488,239,1,2,11,12,242,           2.4999998,   2.436067829773258
                53.6,71,27,688,489,240,1,2,11,12,243,           2.3399999,   2.282052810901053
                53.7,72,26,689,490,241,1,2,11,12,243,           2.1799998,   2.115874337640219
                53.8,73,25,690,491,241,1,2,11,12,244,           2.0199997,    1.93818824050499
                53.9,74,24,691,492,243,1,2,11,12,244,           1.8599999,   1.749695765343698
                  54,75,23,692,493,244,1,2,11,12,245,           1.6999998,   1.551140805841793
                54.1,76,22,693,494,245,1,2,11,12,245,           1.5399998,   1.343306967713286
                54.2,77,21,694,495,246,1,2,11,12,246,           1.3799999,   1.127014476167032
                54.3,78,20,695,496,246,1,2,11,12,246,           1.2199998,  0.9031169388525142
                54.4,79,19,696,497,248,1,2,11,12,247,           1.0599998,  0.6724979770604693
                54.5,80,18,697,498,249,1,2,11,12,247,          0.89999986,  0.4360677384732958
                54.6,81,17,698,499,250,1,2,11,12,248,          0.73999983,  0.1947593052280092
                54.7,82,16,699,500,251,1,2,11,12,248,          0.57999986,-0.05047498853271448
                54.8,83,15,700,501,251,1,2,11,12,249,          0.41999984,  -0.298667315088301
                54.9,84,14,701,502,253,1,2,11,12,249,          0.25999984, -0.5488381727141092
                  55,85,13,702,503,254,1,2,3,4,250,         0.099999845,   1.199999748672702
                55.1,86,12,703,504,255,9,10,3,4,250,        -0.060000159,  0.9488376710513946
                55.2,87,11,704,505,256,9,10,3,4,251,         -0.22000016,  0.6986668163972869
                55.3,88,10,705,506,257,9,10,3,4,251,         -0.38000014,  0.4504744947815207
                55.4,89,9,706,507,258,9,10,3,4,252,         -0.54000014,  0.2052402079092135
                55.5,90,8,707,508,259,9,10,3,4,252,         -0.70000017,-0.03606821652622449
                55.6,91,7,708,509,260,9,10,3,4,253,         -0.86000013,  -0.272498444416893
                55.7,92,6,709,510,261,9,10,3,4,253,          -1.0200001, -0.5031173936679842
                55.8,93,5,710,511,262,9,10,3,4,254,          -1.1800002, -0.7270149166466062
                55.9,94,4,711,512,263,9,10,3,4,254,          -1.3400002, -0.9433073921185973
                  56,95,3,712,513,264,9,10,3,4,255,          -1.5000001,  -1.151141212497902
                56.1,96,2,713,514,265,9,10,3,4,255,          -1.6600002,  -1.349696152645715
                56.2,97,1,714,515,266,9,10,3,4,256,          -1.8200002,  -1.538188606924416
                56.3,98,0,715,516,267,9,10,3,4,256,          -1.9800001,  -1.715874681730968
                56.4,99,255,716,517,268,9,10,3,4,543,          -2.1400001,  -1.882053131305155
                56.5,100,254,717,518,269,9,10,3,4,542,          -2.3000002,  -2.036068125226212
                56.6,101,253,718,519,270,9,10,3,4,542,          -2.4600003,  -2.177311836675907
                56.7,102,252,719,520,271,9,10,3,4,541,          -2.6200001,  -2.305226841253254
                56.8,103,251,720,521,272,9,10,3,4,541,          -2.7800002,  -2.419308316873985
                56.9,104,250,721,522,273,9,10,3,4,540,          -2.9400001,  -2.519106036072708
                  57,105,249,722,523,274,9,10,3,4,540,          -3.1000001,   -2.60422614284498
                57.1,106,248,723,524,275,9,10,3,4,539,          -3.2600002,  -2.674332707017047
                57.2,107,247,724,525,276,9,10,3,4,539,          -3.4200001,  -2.729149050008763
                57.3,108,246,725,526,277,9,10,3,4,538,          -3.5800002,  -2.768458836757551
                57.4,109,245,726,527,278,9,10,3,4,538,          -3.7400002,  -2.792106929494042
                57.5,110,244,727,528,279,9,10,3,12,537,          -3.8999999,  -2.799999999999992
                57.6,111,243,728,529,280,9,10,3,12,537,          -3.7399998,  -2.792106897932116
                57.7,112,242,729,530,281,9,10,3,12,536,          -3.5799999,  -2.768458773758259
                57.8,113,241,730,531,282,9,10,3,12,536,          -3.4199998,  -2.729148955820735
                57.9,114,240,731,532,283,9,10,3,12,535,          -3.2599998,     -2.674332582012
                  58,115,239,732,533,284,9,10,3,12,535,          -3.0999999,  -2.604225987516251
                58.1,116,238,733,534,285,9,10,3,12,534,          -2.9399998,   -2.51910585103331
                58.2,117,237,734,535,286,9,10,3,12,534,          -2.7799997,  -2.419308102854183
                58.3,118,236,735,536,287,9,10,3,12,533,          -2.6199999,  -2.305226599097686
                58.4,119,235,736,537,288,9,10,3,12,533,          -2.4599998,  -2.177311567340251
                58.5,120,234,737,538,289,9,10,3,12,532,                -2.3,  -2.036067829773413
                58.6,121,233,738,539,290,9,10,3,12,532,          -2.1399999,   -1.88205281090123
                58.7,122,232,739,540,291,9,10,3,12,531,          -1.9799998,  -1.715874337640404
                58.8,123,231,740,541,292,9,10,3,12,531,          -1.8199998,  -1.538188240505182
                58.9,124,230,741,542,293,9,10,3,12,530,          -1.6599998,    -1.3496957653439
                  59,125,229,742,543,294,9,10,3,12,530,          -1.4999999,  -1.151140805842011
                59.1,126,228,743,544,295,9,10,3,12,529,          -1.3399998, -0.9433069677135137
                59.2,127,227,744,545,296,9,10,3,12,271,          -1.1799998, -0.7270144761672632
                59.3,-128,226,745,546,297,9,10,3,12,271,          -1.0199999, -0.5031169388527528
                59.4,-127,225,746,547,298,9,10,3,12,272,         -0.85999984, -0.2724979770607208
                59.5,-126,224,747,548,299,9,10,3,12,272,         -0.69999981,-0.03606773847355305
                59.6,-125,223,748,549,300,9,10,3,12,273,         -0.53999984,  0.2052406947717356
                59.7,-124,222,749,550,301,9,10,3,12,273,         -0.37999985,  0.4504749885324488
                59.8,-123,221,750,551,302,9,10,3,12,274,         -0.21999983,  0.6986673150880325
                59.9,-122,220,751,552,303,9,10,3,12,274,        -0.059999838,  0.9488381727138464
                  60,-121,219,752,553,304,9,10,11,4,275,          0.10000016,   1.200000251327034
                60.1,-120,218,753,554,305,1,2,11,4,275,          0.26000017,   1.451162328948335
                60.2,-119,217,754,555,306,1,2,11,4,276,          0.42000017,   1.701333183602445
                60.3,-118,216,755,556,307,1,2,11,4,276,          0.58000016,   1.949525505218221
                60.4,-117,215,756,557,308,1,2,11,4,277,          0.74000019,   2.194759792090518
                60.5,-116,214,757,558,309,1,2,11,4,277,          0.90000015,   2.436068216525968
                60.6,-115,213,758,559,310,1,2,11,4,278,           1.0600002,   2.672498444416641
                60.7,-114,212,759,560,311,1,2,11,4,278,           1.2200001,   2.903117393667752
                60.8,-113,211,760,561,312,1,2,11,4,279,           1.3800001,   3.127014916646369
                60.9,-112,210,761,562,313,1,2,11,4,279,           1.5400002,   3.343307392118369
                  61,-111,209,762,563,314,1,2,11,4,280,           1.7000002,   3.551141212497684
                61.1,-110,208,763,564,315,1,2,11,4,280,           1.8600001,   3.749696152645517
                61.2,-109,207,764,565,316,1,2,11,4,281,           2.0200002,   3.938188606924219
                61.3,-108,206,765,566,317,1,2,11,4,281,           2.1800001,   4.115874681730783
                61.4,-107,205,766,567,318,1,2,11,4,282,           2.3400002,   4.282053131304983
                61.5,-106,204,767,568,319,1,2,11,4,282,           2.5000002,   4.436068125226054
                61.6,-105,203,768,569,320,1,2,11,4,517,           2.6600001,   4.577311836675763
                61.7,-104,202,769,570,321,1,2,11,4,516,           2.8200002,   4.705226841253124
                61.8,-103,201,770,571,322,1,2,11,4,516,           2.9800003,   4.819308316873876
                61.9,-102,200,771,572,323,1,2,11,4,515,           3.1400001,   4.919106036072609
                  62,-101,199,772,573,324,1,2,11,4,515,           3.3000002,   5.004226142844896
                62.1,-100,198,773,574,325,1,2,11,4,514,           3.4600003,    5.07433270701698
                62.2,-99,197,774,575,326,1,2,11,4,514,           3.6200001,   5.129149050008713
                62.3,-98,196,775,576,327,1,2,11,4,513,           3.7800002,   5.168458836757517
                62.4,-97,195,776,577,328,1,2,11,4,513,           3.9400001,   5.192106929494025
                62.5,-96,194,777,578,329,1,2,11,12,512,           4.0999999,   5.199999999999992
                62.6,-95,193,778,579,330,1,2,11,12,512,           3.9399998,   5.192106897932133
                62.7,-94,192,779,580,331,1,2,11,12,511,           3.7799997,   5.168458773758292
                62.8,-93,191,780,581,332,1,2,11,12,511,           3.6199999,   5.129148955820786
                62.9,-92,190,781,582,333,1,2,11,12,510,           3.4599998,   5.074332582012063
                  63,-91,189,782,583,334,1,2,11,12,510,                 3.3,   5.004225987516334
                63.1,-90,188,783,584,335,1,2,11,12,509,           3.1399999,   4.919105851033409
                63.2,-89,187,784,585,336,1,2,11,12,509,           2.9799998,   4.819308102854299
                63.3,-88,186,785,586,337,1,2,11,12,508,           2.8199999,   4.705226599097816
                63.4,-87,185,786,587,338,1,2,11,12,508,           2.6599998,   4.577311567340397
                63.5,-86,184,787,588,339,1,2,11,12,507,           2.4999998,   4.436067829773572
                63.6,-85,183,788,589,340,1,2,11,12,507,           2.3399999,   4.282052810901393
                63.7,-84,182,789,590,341,1,2,11,12,506,           2.1799998,   4.115874337640589
                63.8,-83,181,790,591,342,1,2,11,12,294,           2.0199997,    3.93818824050538
                63.9,-82,180,791,592,343,1,2,11,12,294,           1.8599999,   3.749695765344109
                  64,-81,179,792,593,344,1,2,11,12,295,           1.6999998,    3.55114080584223
   64.09999999999999,-80,178,793,594,344,1,2,11,12,295,           1.5399998,   3.343306967713742
                64.2,-79,177,794,595,346,1,2,11,12,296,           1.3799999,   3.127014476167475
                64.3,-78,176,795,596,347,1,2,11,12,296,           1.2199998,   2.903116938852984
   64.40000000000001,-77,175,796,597,348,1,2,11,12,297,           1.0599998,   2.672497977060919
                64.5,-76,174,797,598,349,1,2,11,12,297,          0.89999986,    2.43606773847377
   64.59999999999999,-75,173,798,599,349,1,2,11,12,298,          0.73999983,   2.194759305228485
                64.7,-74,172,799,600,351,1,2,11,12,298,          0.57999986,   1.949525011467747
                64.8,-73,171,800,601,352,1,2,11,12,299,          0.41999984,   1.701332684912165
   64.90000000000001,-72,170,801,602,353,1,2,11,12,299,          0.25999984,   1.451161827286338
                  65,-71,169,802,603,354,1,2,3,4,300,         0.099999845, -0.8000002513268492
   65.09999999999999,-70,168,803,604,354,9,10,3,4,300,        -0.060000159,  -1.051162328948165
                65.2,-69,167,804,605,356,9,10,3,4,301,         -0.22000016,  -1.301333183602289
                65.3,-68,166,805,606,357,9,10,3,4,301,         -0.38000014,  -1.549525505218067
   65.40000000000001,-67,165,806,607,358,9,10,3,4,302,         -0.54000014,  -1.794759792090393
                65.5,-66,164,807,608,359,9,10,3,4,302,         -0.70000017,  -2.036068216525845
   65.59999999999999,-65,163,808,609,359,9,10,3,4,303,         -0.86000013,  -2.272498444416509
                65.7,-64,162,809,610,361,9,10,3,4,303,          -1.0200001,  -2.503117393667649
                65.8,-63,161,810,611,362,9,10,3,4,496,          -1.1800002,  -2.727014916646269
   65.90000000000001,-62,160,811,612,363,9,10,3,4,495,          -1.3400002,  -2.943307392118297
                  66,-61,159,812,613,364,9,10,3,4,495,          -1.5000001,  -3.151141212497614
   66.09999999999999,-60,158,813,614,364,9,10,3,4,494,          -1.6600002,   -3.34969615264544
                66.2,-59,157,814,615,366,9,10,3,4,494,          -1.8200002,  -3.538188606924177
                66.3,-58,156,815,616,367,9,10,3,4,493,          -1.9800001,  -3.715874681730734
   66.40000000000001,-57,155,816,617,368,9,10,3,4,493,          -2.1400001,  -3.882053131304955
                66.5,-56,154,817,618,369,9,10,3,4,492,          -2.3000002,  -4.036068125226028
   66.59999999999999,-55,153,818,619,369,9,10,3,4,492,          -2.4600003,   -4.17731183667574
                66.7,-54,152,819,620,371,9,10,3,4,491,          -2.6200001,  -4.305226841253109
                66.8,-53,151,820,621,372,9,10,3,4,491,          -2.7800002,  -4.419308316873864
   66.90000000000001,-52,150,821,622,373,9,10,3,4,490,          -2.9400001,  -4.519106036072609
                  67,-51,149,822,623,374,9,10,3,4,490,          -3.1000001,  -4.604226142844896
   67.09999999999999,-50,148,823,624,374,9,10,3,4,489,          -3.2600002,   -4.67433270701698
                67.2,-49,147,824,625,376,9,10,3,4,489,          -3.4200001,  -4.729149050008718
                67.3,-48,146,825,626,377,9,10,3,4,488,          -3.5800002,   -4.76845883675752
   67.40000000000001,-47,145,826,627,378,9,10,3,4,488,          -3.7400002,  -4.792106929494027
                67.5,-46,144,827,628,379,9,10,3,12,487,          -3.8999999,  -4.799999999999992
   67.59999999999999,-45,143,828,629,379,9,10,3,12,487,          -3.7399998,  -4.792106897932129
                67.7,-44,142,829,630,381,9,10,3,12,313,          -3.5799999,  -4.768458773758283
                67.8,-43,141,830,631,382,9,10,3,12,314,          -3.4199998,  -4.729148955820772
   67.90000000000001,-42,140,831,632,383,9,10,3,12,314,          -3.2599998,  -4.674332582012042
                  68,-41,139,832,633,384,9,10,3,12,315,          -3.0999999,  -4.604225987516304
   68.09999999999999,-40,138,833,634,384,9,10,3,12,315,          -2.9399998,  -4.519105851033379
                68.2,-39,137,834,635,386,9,10,3,12,316,          -2.7799997,   -4.41930810285425
                68.3,-38,136,835,636,387,9,10,3,12,316,          -2.6199999,  -4.305226599097762
   68.40000000000001,-37,135,836,637,388,9,10,3,12,317,          -2.4599998,   -4.17731156734032
                68.5,-36,134,837,638,389,9,10,3,12,317,                -2.3,  -4.036067829773497
   68.59999999999999,-35,133,838,639,389,9,10,3,12,318,          -2.1399999,  -3.882052810901312
                68.7,-34,132,839,640,391,9,10,3,12,318,          -1.9799998,  -3.715874337640483
                68.8,-33,131,840,641,392,9,10,3,12,319,          -1.8199998,  -3.538188240505266
   68.90000000000001,-32,130,841,642,393,9,10,3,12,319,          -1.6599998,  -3.349695765343978
                  69,-31,129,842,643,394,9,10,3,12,320,          -1.4999999,  -3.151140805842081
   69.09999999999999,-30,128,843,644,394,9,10,3,12,320,          -1.3399998,  -2.943306967713586
                69.2,-29,127,844,645,396,9,10,3,12,321,          -1.1799998,  -2.727014476167327
                69.3,-28,126,845,646,397,9,10,3,12,321,          -1.0199999,  -2.503116938852818
   69.40000000000001,-27,125,846,647,398,9,10,3,12,478,         -0.85999984,  -2.272497977060762
                69.5,-26,124,847,648,399,9,10,3,12,477,         -0.69999981,  -2.036067738473594
   69.59999999999999,-25,123,848,649,399,9,10,3,12,477,         -0.53999984,  -1.794759305228307
                69.7,-24,122,849,650,401,9,10,3,12,476,         -0.37999985,  -1.549525011467566
                69.8,-23,121,850,651,402,9,10,3,12,476,         -0.21999983,  -1.301332684911982
   69.90000000000001,-22,120,851,652,403,9,10,3,12,475,        -0.059999838,  -1.051161827286155
                  70,-21,119,852,653,404,9,10,11,4,475,          0.10000016, -0.7999997486729665
