sys.exec.out.time {s},fd_obj.time {1},fd_obj.in_mat3x3[0][0] {1},fd_obj.in_mat3x3[0][1] {1},fd_obj.in_mat3x3[0][2] {1},fd_obj.in_mat3x3[1][0] {1},fd_obj.in_mat3x3[1][1] {1},fd_obj.in_mat3x3[1][2] {1},fd_obj.in_mat3x3[2][0] {1},fd_obj.in_mat3x3[2][1] {1},fd_obj.in_mat3x3[2][2] {1},fd_obj.out_mat3x3_deriv1[0][0] {1},fd_obj.out_mat3x3_deriv1[0][1] {1},fd_obj.out_mat3x3_deriv1[0][2] {1},fd_obj.out_mat3x3_deriv1[1][0] {1},fd_obj.out_mat3x3_deriv1[1][1] {1},fd_obj.out_mat3x3_deriv1[1][2] {1},fd_obj.out_mat3x3_deriv1[2][0] {1},fd_obj.out_mat3x3_deriv1[2][1] {1},fd_obj.out_mat3x3_deriv1[2][2] {1},fd_obj.error_deriv1_mx[0][0] {1},fd_obj.error_deriv1_mx[0][1] {1},fd_obj.error_deriv1_mx[0][2] {1},fd_obj.error_deriv1_mx[1][0] {1},fd_obj.error_deriv1_mx[1][1] {1},fd_obj.error_deriv1_mx[1][2] {1},fd_obj.error_deriv1_mx[2][0] {1},fd_obj.error_deriv1_mx[2][1] {1},fd_obj.error_deriv1_mx[2][2] {1}
                   0,                   9,        -16117776.38,        -24141150.38,        -32164524.38,        -24214048.76,        -32237422.76,        -40260796.76,        -32310321.14,        -40333695.14,        -48357069.14,  -5447377.640000001,  -8160421.639999999,        -10873465.64,  -8181921.279999999,        -10894965.28,        -13608009.28,        -10916464.92,        -13629508.92,        -16342552.92, -0.2404848410865628, -0.2406241083261337, -0.2406938590840275, -0.2403411991587468, -0.2404813204628534, -0.2405655446045867, -0.2402695007031913, -0.2403958031126205,  -0.240480146944524
                   1,                  14,        -94533364.08,       -141664308.08,       -188795252.08,       -141938704.16,       -189069648.16,       -236200592.16,       -189344044.24,       -236474988.24,       -283605932.24,        -22369737.44,  -33527561.44000001,  -44685385.44000001,        -33581860.88,        -44739684.88,  -55897508.88000001,  -44793984.32000001,  -55951808.32000001,  -67109632.31999999, -0.1724033229060305, -0.1724724450452513, -0.1725070436126213, -0.1723334086279243, -0.1724026531893813, -0.1724442480630786, -0.1722984896052316, -0.1723608267243837, -0.1724024299516543
                   2,                  15,        -124601865.5,        -186735615.5,        -248869365.5,          -187073111,          -249206861,          -311340611,        -249544356.5,        -311678106.5,        -373811856.5,  -32466065.40000001,         -48665753.4,  -64865441.40000002,  -48732652.80000003,  -64932340.80000004,  -81132028.80000003,  -64999240.20000004,  -81198928.20000003,  -97398616.20000002,-0.02358547892819198,-0.02359538078703089, -0.0236003367311807,-0.02357549122198612,-0.02358540444861543,-0.02359135881692033, -0.0235705024483409,-0.02357942513374475,-0.02358537962219505
                   3,                  17,       -205634972.22,       -308208586.22,       -410782200.22,       -308699880.44,       -411273494.44,       -513847108.44,       -411764788.66,       -514338402.66,       -616912016.66,  -47481921.31999999,  -71179937.32000005,  -94877953.32000007,        -71266036.64,  -94964052.64000002,       -118662068.64,  -95050151.96000005,       -118748167.96,       -142446183.96,-0.01925681953677509,-0.01926415996952978,-0.01926783346715722, -0.0192494322103112,-0.01925677777298217,-0.01926118931635889,-0.01924574185938916,-0.01925235268901846,-0.01925676385175857
                   4,                  20,          -394075812,          -590715812,          -787355812,          -591515804,          -788155804,          -984795804,          -788955796,          -985595796,         -1182235796,  -76191849.20000002,        -114228629.2,  -152265409.1999999,        -114347128.4,        -152383908.4,        -190420688.4,  -152502407.5999999,        -190539187.6,        -228575967.6,-0.03378242773328283,-0.03379319870420838,-0.03379858828330417,-0.03377160773737783,-0.03378238275053401,-0.03378885300244198,-0.03376620185983428,-0.03377589844828022,-0.03378236775631058
                   5,                  24,       -817435736.48,      -1225464920.48,      -1633494104.48,      -1226847308.96,      -1634876492.96,      -2042905676.96,      -1636258881.44,      -2044288065.44,      -2452317249.44,       -130426477.04,       -195554821.04,       -260683165.04,       -195724820.08,       -260853164.08,       -325981508.08,       -261023163.12,  -326151507.1199999,  -391279851.1199999,-0.04307517941267417,-0.04308651799236828,-0.04309219087390678, -0.0430638061857613, -0.0430751462287214,-0.04308195485350176,-0.04305812317916225,-0.04306832778566932,-0.04307513516741549
                   6,                  29,      -1743124521.18,      -2613470375.18,      -3483816229.18,      -2615909258.36,      -3486255112.36,      -4356600966.36,      -3488693995.54,      -4359039849.54,      -5229385703.54,  -229192076.8400001,  -343664320.8399999,       -458136564.84,  -343912119.6799999,  -458384363.6800001,  -572856607.6799997,       -458632162.52,  -573104406.5199999,       -687576650.52,-0.04708058621027469,-0.04709080185068186, -0.0470959123490878,-0.04707035031624449,-0.04708056565669157, -0.0470866982893077,-0.04706523505439419,-0.04707442737706191, -0.0470805588055014
                   7,                  30,         -1996373702,         -2993213702,         -3990053702,         -2995913684,         -3992753684,         -4989593684,         -3995453666,         -4992293666,         -5989133666,  -264601084.8000003,  -396767032.8000005,  -528932980.8000008,  -397036431.6000001,  -529202379.6000009,  -661368327.6000016,  -529471778.4000009,  -661637726.4000007,  -793803674.4000005,-0.006281895065744194,-0.006283266029075749,-0.00628395185818275,-0.006280521727117166,-0.00628189258859887,-0.006282715550217464,-0.006279835406033484,-0.006281068970045383,-0.006281891762885353
                   8,                  32,      -2584602047.52,      -3875268031.52,      -5165934015.52,      -3878544811.04,      -5169210795.04,      -6459876779.04,      -5172487574.56,      -6463153558.56,      -7753819542.56,  -321357500.7199998,       -481883056.72,  -642408612.7200007,  -482189655.4400001,  -642715211.4400005,  -803240767.4399996,  -643021810.1600008,  -803547366.1599998,  -964072922.1600003,-0.005633992400132194,-0.005635157835170711,-0.005635740829583932,-0.005632825263540634,-0.005633990569658073,-0.005634690107736319,-0.005632241972658646,-0.005633290565461533,-0.005633989959501158
                   9,                  35,       -3699247645.5,       -5546731395.5,       -7394215145.5,         -5551018871,         -7398502621,         -9245986371,       -7402790096.5,       -9250273846.5,      -11097757596.5,        -418009148.6,  -626830828.5999995,   -835652508.599999,  -627196827.1999999,  -836018507.1999996,       -1044840187.2,   -836384505.799999,       -1045206185.8,  -1254027865.799999,-0.01155168119241419, -0.0115538437463267,-0.01155492549303788,-0.01154951606789189, -0.0115516783242601,-0.01155297627929867,-0.01154843397607359,-0.01155037967325313,-0.01155167736820905
                  10,                  39,      -5703632287.58,      -8552486581.58,     -11401340875.58,      -8558418451.16,     -11407272745.16,     -14256127039.16,     -11413204614.74,     -14262058908.74,     -17110913202.74,  -575123376.4399998,  -862458420.4399995,  -1149793464.439999,  -862911918.8799995,  -1150246962.879999,  -1437582006.879999,  -1150700461.319999,      -1438035505.32,      -1725370549.32,-0.01711943938564352, -0.0171222929900686, -0.0171237203485589,-0.01711658316943556,-0.01711943631366321,-0.01712114891211753,  -0.017115155618197,-0.01711772302072453, -0.0171194352896692
                  11,                  44,  -9241773269.280001,     -13858405333.28,     -18475037397.28,     -13866923694.56,     -18483555758.56,     -23100187822.56,     -18492074119.84,     -23108706183.84,     -27725338247.84,  -822368216.2400001,  -1233264280.240001,      -1644160344.24,      -1233840578.48,      -1644736642.48,      -2055632706.48,      -1645312940.72,  -2056209004.720001,      -2467105068.72,-0.02140430016194106,-0.02140744522437643,-0.02140901829900091,-0.02140115298322507,-0.02140429748753537,-0.02140618488553974, -0.0213995799376565,-0.02140240954162261,-0.02140429659606729
                  12,                  45,      -10111220529.5,      -15162279279.5,      -20213338029.5,        -15171391739,        -20222450489,        -25273509239,      -20231562948.5,      -25282621698.5,      -30333680448.5,   -896417104.200001,  -1344322312.200002,  -1792227520.200006,  -1344929210.400004,  -1792834418.400003,       -2240739626.4,  -1793441316.600004,  -2241346524.600005,  -2689251732.600005,-0.00284899427896889,-0.002849413427078675,-0.002849623071942306,-0.002848574876064108,-0.002848993946207839,-0.002849245478913257,-0.002848365245468717,-0.002848742348399214,-0.002848993835287506
