sys.exec.out.time {s},test.att_manager.perturbation.randomRates {--},test.att_manager.perturbation.prescribedAng[0] {rad},test.att_manager.perturbation.prescribedAng[1] {rad},test.att_manager.perturbation.prescribedAng[2] {rad},test.att_manager.perturbation.driftRate[0] {rad/s},test.att_manager.perturbation.driftRate[1] {rad/s},test.att_manager.perturbation.driftRate[2] {rad/s}
                   0,0,               0.005,              -0.005,                0.01,               0.001,               0.002,               0.002
                 0.1,0,0.005099999999999996,-0.004800000000000008,0.009820000000000008,               0.001,               0.002,              -0.002
                 0.2,0,0.005199999999999992,-0.004600000000000016,0.009620000000000016,               0.001,               0.002,              -0.002
                 0.3,0,0.005299999999999988,-0.004400000000000025,0.009420000000000024,               0.001,               0.002,              -0.002
                 0.4,0,0.005399999999999984,-0.004200000000000033,0.009220000000000032,               0.001,               0.002,              -0.002
                 0.5,0, 0.00549999999999998,-0.004000000000000041, 0.00902000000000004,               0.001,               0.002,              -0.002
                 0.6,0,0.005599999999999976,-0.003800000000000045,0.008820000000000048,               0.001,               0.002,              -0.002
                 0.7,0,0.005699999999999972,-0.003600000000000045,0.008620000000000056,               0.001,               0.002,              -0.002
                 0.8,0,0.005799999999999968,-0.003400000000000044,0.008420000000000065,               0.001,               0.002,              -0.002
                 0.9,0,0.005899999999999963,-0.003200000000000044,0.008220000000000073,               0.001,               0.002,              -0.002
                   1,0,0.005999999999999959,-0.003000000000000044,0.008020000000000081,               0.001,               0.002,              -0.002
                 1.1,0,0.006099999999999955,-0.002800000000000048,0.007820000000000089,               0.001,               0.002,              -0.002
                 1.2,0,0.006199999999999951,-0.002600000000000052,0.007620000000000089,               0.001,               0.002,              -0.002
                 1.3,0,0.006299999999999947,-0.002400000000000056,0.007420000000000089,               0.001,               0.002,              -0.002
                 1.4,0,0.006399999999999943,-0.00220000000000006,0.007220000000000089,               0.001,               0.002,              -0.002
                 1.5,0,0.006499999999999939,-0.002000000000000064,0.007020000000000089,               0.001,               0.002,              -0.002
                 1.6,0,0.006599999999999935,-0.001800000000000064,0.006820000000000088,               0.001,               0.002,              -0.002
                 1.7,0,0.006699999999999931,-0.001600000000000064,0.006620000000000088,               0.001,               0.002,              -0.002
                 1.8,0,0.006799999999999927,-0.001400000000000064,0.006420000000000088,               0.001,               0.002,              -0.002
                 1.9,0,0.006899999999999923,-0.001200000000000063,0.006220000000000088,               0.001,               0.002,              -0.002
                   2,0,0.006999999999999919,-0.001000000000000063,0.006020000000000088,               0.001,               0.002,              -0.002
                 2.1,0,0.007099999999999919,-0.0008000000000000624,0.005820000000000092,               0.001,               0.002,              -0.002
                 2.2,0,0.007199999999999919,-0.0006000000000000619,0.005620000000000095,               0.001,               0.002,              -0.002
                 2.3,0,0.007299999999999919,-0.0004000000000000622,  0.0054200000000001,               0.001,               0.002,              -0.002
                 2.4,0,0.007399999999999919,-0.0002000000000000618,0.005220000000000104,               0.001,               0.002,              -0.002
                 2.5,0,0.007499999999999919,-6.163350537401191e-17,0.005020000000000108,               0.001,               0.002,              -0.002
                 2.6,0,0.007599999999999919,0.0001999999999999385,0.004820000000000112,               0.001,               0.002,              -0.002
                 2.7,0, 0.00769999999999992,0.0003999999999999389,0.004620000000000115,               0.001,               0.002,              -0.002
                 2.8,0,0.007799999999999919,0.0005999999999999386, 0.00442000000000012,               0.001,               0.002,              -0.002
                 2.9,0,0.007899999999999916,0.0007999999999999391,0.004220000000000124,               0.001,               0.002,              -0.002
                   3,0,0.007999999999999912,0.0009999999999999395,0.004020000000000128,               0.001,               0.002,              -0.002
                 3.1,0,0.008099999999999908, 0.00119999999999994,0.003820000000000131,               0.001,               0.002,              -0.002
                 3.2,0,0.008199999999999904,0.001399999999999941,0.003620000000000135,               0.001,               0.002,              -0.002
                 3.3,0,0.008299999999999899, 0.00159999999999994, 0.00342000000000014,               0.001,               0.002,              -0.002
                 3.4,0,0.008399999999999895,0.001799999999999941,0.003220000000000144,               0.001,               0.002,              -0.002
                 3.5,0,0.008499999999999891, 0.00199999999999994,0.003020000000000148,               0.001,               0.002,              -0.002
                 3.6,0,0.008599999999999887,0.002199999999999936,0.002820000000000151,               0.001,               0.002,              -0.002
                 3.7,0,0.008699999999999883,0.002399999999999933,0.002620000000000155,               0.001,               0.002,              -0.002
                 3.8,0,0.008799999999999879,0.002599999999999928, 0.00242000000000016,               0.001,               0.002,              -0.002
                 3.9,0,0.008899999999999875,0.002799999999999924,0.002220000000000164,               0.001,               0.002,              -0.002
                   4,0,0.008999999999999871, 0.00299999999999992,0.002020000000000167,               0.001,               0.002,              -0.002
                 4.1,0, 0.00909999999999987,0.003199999999999916,0.001820000000000169,               0.001,               0.002,              -0.002
                 4.2,0,0.009199999999999871,0.003399999999999915,0.001620000000000167,               0.001,               0.002,              -0.002
                 4.3,0,0.009299999999999871,0.003599999999999911,0.001420000000000168,               0.001,               0.002,              -0.002
                 4.4,0,0.009399999999999872,0.003799999999999909,0.001220000000000166,               0.001,               0.002,              -0.002
                 4.5,0,0.009499999999999871,0.003999999999999906,0.001020000000000167,               0.001,               0.002,              -0.002
                 4.6,0,0.009599999999999871,0.004199999999999901,0.0008200000000001669,               0.001,               0.002,              -0.002
                 4.7,0,0.009699999999999872,0.004399999999999898,0.0006200000000001656,               0.001,               0.002,              -0.002
                 4.8,0,0.009799999999999871,0.004599999999999893,0.0004200000000001659,               0.001,               0.002,              -0.002
                 4.9,0,0.009899999999999872, 0.00479999999999989,0.0002200000000001645,               0.001,               0.002,              -0.002
                   5,0,0.009999999999999872,0.004999999999999886,2.000000000016529e-05,               0.001,               0.002,              -0.002
                 5.1,0,0.009814999999999876,0.005199999999999881,-0.000179999999999834,              -0.002,               0.002,              -0.002
                 5.2,0,0.009614999999999879,0.005399999999999878,-0.0003799999999998352,              -0.002,               0.002,              -0.002
                 5.3,0,0.009414999999999884,0.005599999999999873,-0.0005799999999998349,              -0.002,               0.002,              -0.002
                 5.4,0,0.009214999999999886, 0.00579999999999987,-0.0007799999999998363,              -0.002,               0.002,              -0.002
                 5.5,0,0.009014999999999891,0.005999999999999866,-0.0009799999999998358,              -0.002,               0.002,              -0.002
                 5.6,0,0.008814999999999896,0.006199999999999861,-0.001179999999999835,              -0.002,               0.002,              -0.002
                 5.7,0,0.008614999999999899,0.006399999999999858,-0.001379999999999837,              -0.002,               0.002,              -0.002
                 5.8,0,0.008414999999999903,0.006599999999999853,-0.001579999999999837,              -0.002,               0.002,              -0.002
                 5.9,0,0.008214999999999906, 0.00679999999999985,-0.001779999999999838,              -0.002,               0.002,              -0.002
                   6,0,0.008014999999999911,0.006999999999999846,-0.001979999999999837,              -0.002,               0.002,              -0.002
                 6.1,0,0.007814999999999916,0.007199999999999841,-0.002179999999999833,              -0.002,               0.002,              -0.002
                 6.2,0,0.007614999999999919,0.007399999999999838,-0.002379999999999831,              -0.002,               0.002,              -0.002
                 6.3,0,0.007414999999999923,0.007599999999999833,-0.002579999999999828,              -0.002,               0.002,              -0.002
                 6.4,0,0.007214999999999926,0.007799999999999831,-0.002779999999999826,              -0.002,               0.002,              -0.002
                 6.5,0,0.007014999999999931,0.007999999999999827,-0.002979999999999822,              -0.002,               0.002,              -0.002
                 6.6,0,0.006814999999999936,0.008199999999999822,-0.003179999999999818,              -0.002,               0.002,              -0.002
                 6.7,0,0.006614999999999939,0.008399999999999819,-0.003379999999999817,              -0.002,               0.002,              -0.002
                 6.8,0,0.006414999999999943,0.008599999999999814,-0.003579999999999813,              -0.002,               0.002,              -0.002
                 6.9,0,0.006214999999999946,0.008799999999999811,-0.003779999999999811,              -0.002,               0.002,              -0.002
                   7,0,0.006014999999999951,0.008999999999999807,-0.003979999999999807,              -0.002,               0.002,              -0.002
                 7.1,0,0.005814999999999956,0.009199999999999802,-0.004179999999999803,              -0.002,               0.002,              -0.002
                 7.2,0,0.005614999999999959,0.009399999999999799, -0.0043799999999998,              -0.002,               0.002,              -0.002
                 7.3,0,0.005414999999999963,0.009599999999999794,-0.004579999999999795,              -0.002,               0.002,              -0.002
                 7.4,0,0.005214999999999966,0.009799999999999792,-0.004779999999999792,              -0.002,               0.002,              -0.002
                 7.5,0,0.005014999999999971,0.009999999999999787,-0.004979999999999788,              -0.002,               0.002,              -0.002
                 7.6,0,0.004814999999999976,0.009819999999999791,-0.005179999999999783,              -0.002,              -0.002,              -0.002
                 7.7,0,0.004614999999999978,0.009619999999999794,-0.00537999999999978,              -0.002,              -0.002,              -0.002
                 7.8,0,0.004414999999999983,0.009419999999999798,-0.005579999999999775,              -0.002,              -0.002,              -0.002
                 7.9,0,0.004214999999999986,0.009219999999999801,-0.005779999999999772,              -0.002,              -0.002,              -0.002
                   8,0,0.004014999999999991,0.009019999999999806,-0.005979999999999768,              -0.002,              -0.002,              -0.002
                 8.1,0,0.003814999999999993,0.008819999999999811,-0.006179999999999763,              -0.002,              -0.002,              -0.002
   8.199999999999999,0,0.003614999999999993,0.008619999999999815,-0.006379999999999758,              -0.002,              -0.002,              -0.002
   8.300000000000001,0,0.003414999999999989,0.008419999999999817,-0.006579999999999757,              -0.002,              -0.002,              -0.002
                 8.4,0,0.003214999999999989,0.008219999999999821,-0.006779999999999752,              -0.002,              -0.002,              -0.002
                 8.5,0,0.003014999999999989,0.008019999999999826,-0.006979999999999748,              -0.002,              -0.002,              -0.002
                 8.6,0,0.002814999999999989,0.007819999999999831,-0.007179999999999743,              -0.002,              -0.002,              -0.002
   8.699999999999999,0,0.002614999999999989,0.007619999999999835,-0.007379999999999738,              -0.002,              -0.002,              -0.002
   8.800000000000001,0,0.002414999999999985,0.007419999999999836,-0.007579999999999737,              -0.002,              -0.002,              -0.002
                 8.9,0,0.002214999999999985,0.007219999999999841,-0.007779999999999732,              -0.002,              -0.002,              -0.002
                   9,0,0.002014999999999985,0.007019999999999846,-0.007979999999999729,              -0.002,              -0.002,              -0.002
                 9.1,0,0.001814999999999985, 0.00681999999999985,-0.008179999999999724,              -0.002,              -0.002,              -0.002
   9.199999999999999,0,0.001614999999999985,0.006619999999999855,-0.008379999999999719,              -0.002,              -0.002,              -0.002
   9.300000000000001,0,0.001414999999999982,0.006419999999999856,-0.008579999999999718,              -0.002,              -0.002,              -0.002
                 9.4,0,0.001214999999999983,0.006219999999999861,-0.008779999999999713,              -0.002,              -0.002,              -0.002
                 9.5,0,0.001014999999999983,0.006019999999999866,-0.008979999999999709,              -0.002,              -0.002,              -0.002
                 9.6,0,0.0008149999999999841, 0.00581999999999987,-0.009179999999999704,              -0.002,              -0.002,              -0.002
   9.699999999999999,0,0.0006149999999999855,0.005619999999999875,-0.009379999999999699,              -0.002,              -0.002,              -0.002
   9.800000000000001,0,0.000414999999999983,0.005419999999999876,-0.009579999999999698,              -0.002,              -0.002,              -0.002
                 9.9,0,0.0002149999999999838,0.005219999999999881,-0.009779999999999693,              -0.002,              -0.002,              -0.002
                  10,0,1.499999999998447e-05,0.005019999999999886,-0.009979999999999689,              -0.002,              -0.002,              -0.002
                10.1,0,-0.0001850000000000149, 0.00481999999999989,-0.009839999999999694,              -0.002,              -0.002,               0.002
                10.2,0,-0.0003850000000000141,0.004619999999999895,-0.009639999999999699,              -0.002,              -0.002,               0.002
                10.3,0,-0.0005850000000000166,0.004419999999999896, -0.0094399999999997,              -0.002,              -0.002,               0.002
                10.4,0,-0.0007850000000000153,0.004219999999999901,-0.009239999999999705,              -0.002,              -0.002,               0.002
                10.5,0,-0.0009850000000000141,0.004019999999999906,-0.00903999999999971,              -0.002,              -0.002,               0.002
                10.6,0,-0.001185000000000014,0.003819999999999908,-0.008839999999999714,              -0.002,              -0.002,               0.002
                10.7,0,-0.001385000000000013,0.003619999999999908,-0.008639999999999719,              -0.002,              -0.002,               0.002
                10.8,0,-0.001585000000000017,0.003419999999999904,-0.00843999999999972,              -0.002,              -0.002,               0.002
                10.9,0,-0.001785000000000016,0.003219999999999904,-0.008239999999999725,              -0.002,              -0.002,               0.002
                  11,0,-0.001985000000000016,0.003019999999999904,-0.00803999999999973,              -0.002,              -0.002,               0.002
                11.1,0,-0.002185000000000016,0.002819999999999904,-0.007839999999999734,              -0.002,              -0.002,               0.002
                11.2,0,-0.002385000000000016,0.002619999999999904,-0.007639999999999739,              -0.002,              -0.002,               0.002
                11.3,0,-0.00258500000000002,  0.0024199999999999,-0.00743999999999974,              -0.002,              -0.002,               0.002
                11.4,0,-0.00278500000000002,  0.0022199999999999,-0.007239999999999745,              -0.002,              -0.002,               0.002
                11.5,0,-0.00298500000000002,0.002019999999999899,-0.00703999999999975,              -0.002,              -0.002,               0.002
                11.6,0,-0.00318500000000002,  0.0018199999999999,-0.006839999999999754,              -0.002,              -0.002,               0.002
                11.7,0,-0.00338500000000002,  0.0016199999999999,-0.006639999999999759,              -0.002,              -0.002,               0.002
                11.8,0,-0.003585000000000024,0.001419999999999897,-0.00643999999999976,              -0.002,              -0.002,               0.002
                11.9,0,-0.003785000000000024,0.001219999999999897,-0.006239999999999765,              -0.002,              -0.002,               0.002
                  12,0,-0.003985000000000023,0.001019999999999898,-0.00603999999999977,              -0.002,              -0.002,               0.002
                12.1,0,-0.004185000000000019,0.0008199999999998988,-0.005839999999999774,              -0.002,              -0.002,               0.002
                12.2,0,-0.004385000000000014,0.0006199999999999001,-0.005639999999999779,              -0.002,              -0.002,               0.002
                12.3,0,-0.004585000000000013,0.0004199999999998977,-0.00543999999999978,              -0.002,              -0.002,               0.002
                12.4,0,-0.004785000000000008,0.0002199999999998985,-0.005239999999999785,              -0.002,              -0.002,               0.002
                12.5,0,-0.004985000000000003,1.999999999989915e-05,-0.005039999999999789,              -0.002,              -0.002,               0.002
                12.6,0,-0.005184999999999999,-0.0001800000000001002,-0.004839999999999794,              -0.002,              -0.002,               0.002
                12.7,0,-0.005384999999999994,-0.0003800000000000994,-0.004639999999999799,              -0.002,              -0.002,               0.002
                12.8,0,-0.005584999999999993,-0.0005800000000001019, -0.0044399999999998,              -0.002,              -0.002,               0.002
                12.9,0,-0.005784999999999988,-0.0007800000000001006,-0.004239999999999805,              -0.002,              -0.002,               0.002
                  13,0,-0.005984999999999983,-0.0009800000000000993,-0.004039999999999809,              -0.002,              -0.002,               0.002
                13.1,0,-0.006184999999999979,-0.001180000000000099,-0.003839999999999812,              -0.002,              -0.002,               0.002
                13.2,0,-0.006384999999999974,-0.001380000000000099,-0.003639999999999812,              -0.002,              -0.002,               0.002
                13.3,0,-0.006584999999999973,-0.001580000000000102,-0.003439999999999808,              -0.002,              -0.002,               0.002
                13.4,0,-0.006784999999999968,-0.001780000000000101,-0.003239999999999808,              -0.002,              -0.002,               0.002
                13.5,0,-0.006984999999999963,-0.001980000000000101,-0.003039999999999808,              -0.002,              -0.002,               0.002
                13.6,0,-0.007184999999999959,-0.002180000000000101,-0.002839999999999808,              -0.002,              -0.002,               0.002
                13.7,0,-0.007384999999999954,-0.002380000000000101,-0.002639999999999808,              -0.002,              -0.002,               0.002
                13.8,0,-0.007584999999999953,-0.002580000000000105,-0.002439999999999804,              -0.002,              -0.002,               0.002
                13.9,0,-0.007784999999999948,-0.002780000000000105,-0.002239999999999804,              -0.002,              -0.002,               0.002
                  14,0,-0.007984999999999944,-0.002980000000000105,-0.002039999999999804,              -0.002,              -0.002,               0.002
                14.1,0,-0.008184999999999939,-0.003180000000000105,-0.001839999999999804,              -0.002,              -0.002,               0.002
                14.2,0,-0.008384999999999934,-0.003380000000000106,-0.001639999999999804,              -0.002,              -0.002,               0.002
                14.3,0,-0.008584999999999933,-0.00358000000000011,-0.001439999999999801,              -0.002,              -0.002,               0.002
                14.4,0,-0.008784999999999928,-0.00378000000000011,-0.001239999999999802,              -0.002,              -0.002,               0.002
                14.5,0,-0.008984999999999924,-0.003980000000000108,-0.001039999999999802,              -0.002,              -0.002,               0.002
                14.6,0,-0.009184999999999919,-0.004180000000000104,-0.0008399999999998029,              -0.002,              -0.002,               0.002
                14.7,0,-0.009384999999999914,-0.004380000000000099,-0.0006399999999998042,              -0.002,              -0.002,               0.002
                14.8,0,-0.009584999999999913,-0.004580000000000098,-0.0004399999999998019,              -0.002,              -0.002,               0.002
                14.9,0,-0.009784999999999908,-0.004780000000000093,-0.0002399999999998027,              -0.002,              -0.002,               0.002
                  15,0,-0.009984999999999904,-0.004980000000000089,-3.999999999980332e-05,              -0.002,              -0.002,               0.002
                15.1,0,-0.009824999999999907,-0.005180000000000084,0.000160000000000196,               0.002,              -0.002,               0.002
                15.2,0,-0.009624999999999911,-0.005380000000000079,0.0003600000000001953,               0.002,              -0.002,               0.002
                15.3,0,-0.009424999999999913,-0.005580000000000078,0.0005600000000001978,               0.002,              -0.002,               0.002
                15.4,0,-0.009224999999999917,-0.005780000000000073,0.0007600000000001965,               0.002,              -0.002,               0.002
                15.5,0,-0.009024999999999922,-0.005980000000000069,0.0009600000000001952,               0.002,              -0.002,               0.002
                15.6,0,-0.008824999999999927,-0.006180000000000064,0.001160000000000195,               0.002,              -0.002,               0.002
                15.7,0,-0.008624999999999931,-0.006380000000000059,0.001360000000000194,               0.002,              -0.002,               0.002
                15.8,0,-0.008424999999999933,-0.006580000000000058,0.001560000000000198,               0.002,              -0.002,               0.002
                15.9,0,-0.008224999999999937,-0.006780000000000053,0.001760000000000197,               0.002,              -0.002,               0.002
                  16,0,-0.008024999999999942,-0.006980000000000049,0.001960000000000197,               0.002,              -0.002,               0.002
                16.1,0,-0.007824999999999943,-0.007180000000000047,0.002160000000000198,               0.002,              -0.002,               0.002
                16.2,0,-0.007624999999999951,-0.007380000000000039,0.002360000000000192,               0.002,              -0.002,               0.002
                16.3,0,-0.007424999999999952,-0.007580000000000038,0.002560000000000194,               0.002,              -0.002,               0.002
                16.4,0,-0.007224999999999961,-0.00778000000000003,0.002760000000000188,               0.002,              -0.002,               0.002
                16.5,0,-0.007024999999999962,-0.007980000000000029,0.002960000000000189,               0.002,              -0.002,               0.002
                16.6,0,-0.006824999999999963,-0.008180000000000028, 0.00316000000000019,               0.002,              -0.002,               0.002
                16.7,0,-0.006624999999999971,-0.008380000000000019,0.003360000000000184,               0.002,              -0.002,               0.002
                16.8,0,-0.006424999999999972,-0.008580000000000018,0.003560000000000186,               0.002,              -0.002,               0.002
                16.9,0,-0.006224999999999981,-0.00878000000000001, 0.00376000000000018,               0.002,              -0.002,               0.002
                  17,0,-0.006024999999999982,-0.008980000000000009, 0.00396000000000018,               0.002,              -0.002,               0.002
                17.1,0,-0.005824999999999983,-0.009180000000000008,0.004160000000000179,               0.002,              -0.002,               0.002
                17.2,0,-0.005624999999999991,-0.009379999999999999,0.004360000000000171,               0.002,              -0.002,               0.002
                17.3,0,-0.005424999999999992,-0.009579999999999998, 0.00456000000000017,               0.002,              -0.002,               0.002
                17.4,0,           -0.005225,-0.00977999999999999,0.004760000000000162,               0.002,              -0.002,               0.002
                17.5,0,-0.005025000000000002,-0.009979999999999989, 0.00496000000000016,               0.002,              -0.002,               0.002
                17.6,0,-0.004825000000000003,-0.009839999999999991,0.005160000000000159,               0.002,               0.002,               0.002
                17.7,0,-0.004625000000000011,-0.009639999999999999,0.005360000000000151,               0.002,               0.002,               0.002
                17.8,0,-0.004425000000000012,            -0.00944, 0.00556000000000015,               0.002,               0.002,               0.002
                17.9,0,-0.00422500000000002,-0.009240000000000009,0.005760000000000142,               0.002,               0.002,               0.002
                  18,0,-0.004025000000000022,-0.00904000000000001,0.005960000000000141,               0.002,               0.002,               0.002
                18.1,0,-0.003825000000000022,-0.008840000000000011,0.006160000000000139,               0.002,               0.002,               0.002
                18.2,0,-0.003625000000000028,-0.008640000000000019,0.006360000000000131,               0.002,               0.002,               0.002
                18.3,0,-0.003425000000000026,-0.00844000000000002, 0.00656000000000013,               0.002,               0.002,               0.002
                18.4,0,-0.003225000000000032,-0.008240000000000029,0.006760000000000122,               0.002,               0.002,               0.002
                18.5,0,-0.003025000000000031,-0.00804000000000003,0.006960000000000121,               0.002,               0.002,               0.002
                18.6,0,-0.002825000000000029,-0.007840000000000031,0.007160000000000119,               0.002,               0.002,               0.002
                18.7,0,-0.002625000000000035,-0.007640000000000039,0.007360000000000111,               0.002,               0.002,               0.002
                18.8,0,-0.002425000000000034,-0.00744000000000004, 0.00756000000000011,               0.002,               0.002,               0.002
                18.9,0,-0.00222500000000004,-0.007240000000000048,0.007760000000000102,               0.002,               0.002,               0.002
                  19,0,-0.002025000000000038,-0.00704000000000005,0.007960000000000101,               0.002,               0.002,               0.002
                19.1,0,-0.001825000000000036,-0.006840000000000051,0.008160000000000099,               0.002,               0.002,               0.002
                19.2,0,-0.00162500000000004,-0.006640000000000059,0.008360000000000091,               0.002,               0.002,               0.002
                19.3,0,-0.001425000000000037,-0.00644000000000006, 0.00856000000000009,               0.002,               0.002,               0.002
                19.4,0,-0.001225000000000041,-0.006240000000000068,0.008760000000000082,               0.002,               0.002,               0.002
                19.5,0,-0.001025000000000037,-0.00604000000000007,0.008960000000000081,               0.002,               0.002,               0.002
                19.6,0,-0.0008250000000000349,-0.005840000000000071, 0.00916000000000008,               0.002,               0.002,               0.002
                19.7,0,-0.0006250000000000398,-0.005640000000000079,0.009360000000000071,               0.002,               0.002,               0.002
                19.8,0,-0.0004250000000000373,-0.00544000000000008, 0.00956000000000007,               0.002,               0.002,               0.002
                19.9,0,-0.0002250000000000414,-0.005240000000000088,0.009760000000000062,               0.002,               0.002,               0.002
                  20,0,-2.500000000003844e-05,-0.00504000000000009,0.009960000000000061,               0.002,               0.002,               0.002
